seed,model_name,experiment_id,true_label,predicted_label,count
1,MultinomialNB,manual_only,ham,ham,966
1,MultinomialNB,manual_only,ham,spam,1
1,MultinomialNB,manual_only,ham,smishing,0
1,MultinomialNB,manual_only,spam,ham,20
1,MultinomialNB,manual_only,spam,spam,49
1,MultinomialNB,manual_only,spam,smishing,28
1,MultinomialNB,manual_only,smishing,ham,2
1,MultinomialNB,manual_only,smishing,spam,7
1,MultinomialNB,manual_only,smishing,smishing,117
1,MultinomialNB,synthetic_only,ham,ham,0
1,MultinomialNB,synthetic_only,ham,spam,630
1,MultinomialNB,synthetic_only,ham,smishing,337
1,MultinomialNB,synthetic_only,spam,ham,0
1,MultinomialNB,synthetic_only,spam,spam,79
1,MultinomialNB,synthetic_only,spam,smishing,18
1,MultinomialNB,synthetic_only,smishing,ham,0
1,MultinomialNB,synthetic_only,smishing,spam,7
1,MultinomialNB,synthetic_only,smishing,smishing,119
1,MultinomialNB,combined,ham,ham,965
1,MultinomialNB,combined,ham,spam,1
1,MultinomialNB,combined,ham,smishing,1
1,MultinomialNB,combined,spam,ham,5
1,MultinomialNB,combined,spam,spam,74
1,MultinomialNB,combined,spam,smishing,18
1,MultinomialNB,combined,smishing,ham,0
1,MultinomialNB,combined,smishing,spam,5
1,MultinomialNB,combined,smishing,smishing,121
1,LogisticRegression,manual_only,ham,ham,964
1,LogisticRegression,manual_only,ham,spam,2
1,LogisticRegression,manual_only,ham,smishing,1
1,LogisticRegression,manual_only,spam,ham,10
1,LogisticRegression,manual_only,spam,spam,71
1,LogisticRegression,manual_only,spam,smishing,16
1,LogisticRegression,manual_only,smishing,ham,3
1,LogisticRegression,manual_only,smishing,spam,12
1,LogisticRegression,manual_only,smishing,smishing,111
1,LogisticRegression,synthetic_only,ham,ham,0
1,LogisticRegression,synthetic_only,ham,spam,961
1,LogisticRegression,synthetic_only,ham,smishing,6
1,LogisticRegression,synthetic_only,spam,ham,0
1,LogisticRegression,synthetic_only,spam,spam,71
1,LogisticRegression,synthetic_only,spam,smishing,26
1,LogisticRegression,synthetic_only,smishing,ham,0
1,LogisticRegression,synthetic_only,smishing,spam,4
1,LogisticRegression,synthetic_only,smishing,smishing,122
1,LogisticRegression,combined,ham,ham,963
1,LogisticRegression,combined,ham,spam,3
1,LogisticRegression,combined,ham,smishing,1
1,LogisticRegression,combined,spam,ham,0
1,LogisticRegression,combined,spam,spam,85
1,LogisticRegression,combined,spam,smishing,12
1,LogisticRegression,combined,smishing,ham,2
1,LogisticRegression,combined,smishing,spam,4
1,LogisticRegression,combined,smishing,smishing,120
1,LinearSVC,manual_only,ham,ham,964
1,LinearSVC,manual_only,ham,spam,2
1,LinearSVC,manual_only,ham,smishing,1
1,LinearSVC,manual_only,spam,ham,12
1,LinearSVC,manual_only,spam,spam,68
1,LinearSVC,manual_only,spam,smishing,17
1,LinearSVC,manual_only,smishing,ham,2
1,LinearSVC,manual_only,smishing,spam,9
1,LinearSVC,manual_only,smishing,smishing,115
1,LinearSVC,synthetic_only,ham,ham,0
1,LinearSVC,synthetic_only,ham,spam,902
1,LinearSVC,synthetic_only,ham,smishing,65
1,LinearSVC,synthetic_only,spam,ham,0
1,LinearSVC,synthetic_only,spam,spam,77
1,LinearSVC,synthetic_only,spam,smishing,20
1,LinearSVC,synthetic_only,smishing,ham,0
1,LinearSVC,synthetic_only,smishing,spam,3
1,LinearSVC,synthetic_only,smishing,smishing,123
1,LinearSVC,combined,ham,ham,966
1,LinearSVC,combined,ham,spam,1
1,LinearSVC,combined,ham,smishing,0
1,LinearSVC,combined,spam,ham,0
1,LinearSVC,combined,spam,spam,88
1,LinearSVC,combined,spam,smishing,9
1,LinearSVC,combined,smishing,ham,0
1,LinearSVC,combined,smishing,spam,3
1,LinearSVC,combined,smishing,smishing,123
2,MultinomialNB,manual_only,ham,ham,967
2,MultinomialNB,manual_only,ham,spam,0
2,MultinomialNB,manual_only,ham,smishing,0
2,MultinomialNB,manual_only,spam,ham,27
2,MultinomialNB,manual_only,spam,spam,53
2,MultinomialNB,manual_only,spam,smishing,17
2,MultinomialNB,manual_only,smishing,ham,2
2,MultinomialNB,manual_only,smishing,spam,14
2,MultinomialNB,manual_only,smishing,smishing,110
2,MultinomialNB,synthetic_only,ham,ham,0
2,MultinomialNB,synthetic_only,ham,spam,614
2,MultinomialNB,synthetic_only,ham,smishing,353
2,MultinomialNB,synthetic_only,spam,ham,0
2,MultinomialNB,synthetic_only,spam,spam,79
2,MultinomialNB,synthetic_only,spam,smishing,18
2,MultinomialNB,synthetic_only,smishing,ham,0
2,MultinomialNB,synthetic_only,smishing,spam,10
2,MultinomialNB,synthetic_only,smishing,smishing,116
2,MultinomialNB,combined,ham,ham,966
2,MultinomialNB,combined,ham,spam,0
2,MultinomialNB,combined,ham,smishing,1
2,MultinomialNB,combined,spam,ham,8
2,MultinomialNB,combined,spam,spam,74
2,MultinomialNB,combined,spam,smishing,15
2,MultinomialNB,combined,smishing,ham,0
2,MultinomialNB,combined,smishing,spam,10
2,MultinomialNB,combined,smishing,smishing,116
2,LogisticRegression,manual_only,ham,ham,967
2,LogisticRegression,manual_only,ham,spam,0
2,LogisticRegression,manual_only,ham,smishing,0
2,LogisticRegression,manual_only,spam,ham,22
2,LogisticRegression,manual_only,spam,spam,67
2,LogisticRegression,manual_only,spam,smishing,8
2,LogisticRegression,manual_only,smishing,ham,1
2,LogisticRegression,manual_only,smishing,spam,16
2,LogisticRegression,manual_only,smishing,smishing,109
2,LogisticRegression,synthetic_only,ham,ham,0
2,LogisticRegression,synthetic_only,ham,spam,955
2,LogisticRegression,synthetic_only,ham,smishing,12
2,LogisticRegression,synthetic_only,spam,ham,0
2,LogisticRegression,synthetic_only,spam,spam,77
2,LogisticRegression,synthetic_only,spam,smishing,20
2,LogisticRegression,synthetic_only,smishing,ham,0
2,LogisticRegression,synthetic_only,smishing,spam,9
2,LogisticRegression,synthetic_only,smishing,smishing,117
2,LogisticRegression,combined,ham,ham,966
2,LogisticRegression,combined,ham,spam,0
2,LogisticRegression,combined,ham,smishing,1
2,LogisticRegression,combined,spam,ham,6
2,LogisticRegression,combined,spam,spam,83
2,LogisticRegression,combined,spam,smishing,8
2,LogisticRegression,combined,smishing,ham,1
2,LogisticRegression,combined,smishing,spam,9
2,LogisticRegression,combined,smishing,smishing,116
2,LinearSVC,manual_only,ham,ham,967
2,LinearSVC,manual_only,ham,spam,0
2,LinearSVC,manual_only,ham,smishing,0
2,LinearSVC,manual_only,spam,ham,24
2,LinearSVC,manual_only,spam,spam,63
2,LinearSVC,manual_only,spam,smishing,10
2,LinearSVC,manual_only,smishing,ham,1
2,LinearSVC,manual_only,smishing,spam,14
2,LinearSVC,manual_only,smishing,smishing,111
2,LinearSVC,synthetic_only,ham,ham,0
2,LinearSVC,synthetic_only,ham,spam,900
2,LinearSVC,synthetic_only,ham,smishing,67
2,LinearSVC,synthetic_only,spam,ham,0
2,LinearSVC,synthetic_only,spam,spam,85
2,LinearSVC,synthetic_only,spam,smishing,12
2,LinearSVC,synthetic_only,smishing,ham,0
2,LinearSVC,synthetic_only,smishing,spam,9
2,LinearSVC,synthetic_only,smishing,smishing,117
2,LinearSVC,combined,ham,ham,965
2,LinearSVC,combined,ham,spam,1
2,LinearSVC,combined,ham,smishing,1
2,LinearSVC,combined,spam,ham,4
2,LinearSVC,combined,spam,spam,87
2,LinearSVC,combined,spam,smishing,6
2,LinearSVC,combined,smishing,ham,0
2,LinearSVC,combined,smishing,spam,6
2,LinearSVC,combined,smishing,smishing,120
3,MultinomialNB,manual_only,ham,ham,967
3,MultinomialNB,manual_only,ham,spam,0
3,MultinomialNB,manual_only,ham,smishing,0
3,MultinomialNB,manual_only,spam,ham,23
3,MultinomialNB,manual_only,spam,spam,44
3,MultinomialNB,manual_only,spam,smishing,30
3,MultinomialNB,manual_only,smishing,ham,5
3,MultinomialNB,manual_only,smishing,spam,1
3,MultinomialNB,manual_only,smishing,smishing,120
3,MultinomialNB,synthetic_only,ham,ham,0
3,MultinomialNB,synthetic_only,ham,spam,602
3,MultinomialNB,synthetic_only,ham,smishing,365
3,MultinomialNB,synthetic_only,spam,ham,0
3,MultinomialNB,synthetic_only,spam,spam,83
3,MultinomialNB,synthetic_only,spam,smishing,14
3,MultinomialNB,synthetic_only,smishing,ham,0
3,MultinomialNB,synthetic_only,smishing,spam,2
3,MultinomialNB,synthetic_only,smishing,smishing,124
3,MultinomialNB,combined,ham,ham,964
3,MultinomialNB,combined,ham,spam,0
3,MultinomialNB,combined,ham,smishing,3
3,MultinomialNB,combined,spam,ham,6
3,MultinomialNB,combined,spam,spam,76
3,MultinomialNB,combined,spam,smishing,15
3,MultinomialNB,combined,smishing,ham,0
3,MultinomialNB,combined,smishing,spam,2
3,MultinomialNB,combined,smishing,smishing,124
3,LogisticRegression,manual_only,ham,ham,966
3,LogisticRegression,manual_only,ham,spam,0
3,LogisticRegression,manual_only,ham,smishing,1
3,LogisticRegression,manual_only,spam,ham,16
3,LogisticRegression,manual_only,spam,spam,68
3,LogisticRegression,manual_only,spam,smishing,13
3,LogisticRegression,manual_only,smishing,ham,2
3,LogisticRegression,manual_only,smishing,spam,12
3,LogisticRegression,manual_only,smishing,smishing,112
3,LogisticRegression,synthetic_only,ham,ham,0
3,LogisticRegression,synthetic_only,ham,spam,961
3,LogisticRegression,synthetic_only,ham,smishing,6
3,LogisticRegression,synthetic_only,spam,ham,0
3,LogisticRegression,synthetic_only,spam,spam,75
3,LogisticRegression,synthetic_only,spam,smishing,22
3,LogisticRegression,synthetic_only,smishing,ham,0
3,LogisticRegression,synthetic_only,smishing,spam,2
3,LogisticRegression,synthetic_only,smishing,smishing,124
3,LogisticRegression,combined,ham,ham,966
3,LogisticRegression,combined,ham,spam,0
3,LogisticRegression,combined,ham,smishing,1
3,LogisticRegression,combined,spam,ham,3
3,LogisticRegression,combined,spam,spam,85
3,LogisticRegression,combined,spam,smishing,9
3,LogisticRegression,combined,smishing,ham,1
3,LogisticRegression,combined,smishing,spam,3
3,LogisticRegression,combined,smishing,smishing,122
3,LinearSVC,manual_only,ham,ham,966
3,LinearSVC,manual_only,ham,spam,0
3,LinearSVC,manual_only,ham,smishing,1
3,LinearSVC,manual_only,spam,ham,15
3,LinearSVC,manual_only,spam,spam,68
3,LinearSVC,manual_only,spam,smishing,14
3,LinearSVC,manual_only,smishing,ham,1
3,LinearSVC,manual_only,smishing,spam,13
3,LinearSVC,manual_only,smishing,smishing,112
3,LinearSVC,synthetic_only,ham,ham,0
3,LinearSVC,synthetic_only,ham,spam,896
3,LinearSVC,synthetic_only,ham,smishing,71
3,LinearSVC,synthetic_only,spam,ham,0
3,LinearSVC,synthetic_only,spam,spam,83
3,LinearSVC,synthetic_only,spam,smishing,14
3,LinearSVC,synthetic_only,smishing,ham,0
3,LinearSVC,synthetic_only,smishing,spam,0
3,LinearSVC,synthetic_only,smishing,smishing,126
3,LinearSVC,combined,ham,ham,966
3,LinearSVC,combined,ham,spam,0
3,LinearSVC,combined,ham,smishing,1
3,LinearSVC,combined,spam,ham,4
3,LinearSVC,combined,spam,spam,85
3,LinearSVC,combined,spam,smishing,8
3,LinearSVC,combined,smishing,ham,0
3,LinearSVC,combined,smishing,spam,4
3,LinearSVC,combined,smishing,smishing,122
4,MultinomialNB,manual_only,ham,ham,967
4,MultinomialNB,manual_only,ham,spam,0
4,MultinomialNB,manual_only,ham,smishing,0
4,MultinomialNB,manual_only,spam,ham,18
4,MultinomialNB,manual_only,spam,spam,59
4,MultinomialNB,manual_only,spam,smishing,20
4,MultinomialNB,manual_only,smishing,ham,1
4,MultinomialNB,manual_only,smishing,spam,9
4,MultinomialNB,manual_only,smishing,smishing,116
4,MultinomialNB,synthetic_only,ham,ham,0
4,MultinomialNB,synthetic_only,ham,spam,612
4,MultinomialNB,synthetic_only,ham,smishing,355
4,MultinomialNB,synthetic_only,spam,ham,0
4,MultinomialNB,synthetic_only,spam,spam,86
4,MultinomialNB,synthetic_only,spam,smishing,11
4,MultinomialNB,synthetic_only,smishing,ham,0
4,MultinomialNB,synthetic_only,smishing,spam,9
4,MultinomialNB,synthetic_only,smishing,smishing,117
4,MultinomialNB,combined,ham,ham,963
4,MultinomialNB,combined,ham,spam,0
4,MultinomialNB,combined,ham,smishing,4
4,MultinomialNB,combined,spam,ham,5
4,MultinomialNB,combined,spam,spam,85
4,MultinomialNB,combined,spam,smishing,7
4,MultinomialNB,combined,smishing,ham,0
4,MultinomialNB,combined,smishing,spam,10
4,MultinomialNB,combined,smishing,smishing,116
4,LogisticRegression,manual_only,ham,ham,964
4,LogisticRegression,manual_only,ham,spam,2
4,LogisticRegression,manual_only,ham,smishing,1
4,LogisticRegression,manual_only,spam,ham,13
4,LogisticRegression,manual_only,spam,spam,74
4,LogisticRegression,manual_only,spam,smishing,10
4,LogisticRegression,manual_only,smishing,ham,2
4,LogisticRegression,manual_only,smishing,spam,14
4,LogisticRegression,manual_only,smishing,smishing,110
4,LogisticRegression,synthetic_only,ham,ham,0
4,LogisticRegression,synthetic_only,ham,spam,956
4,LogisticRegression,synthetic_only,ham,smishing,11
4,LogisticRegression,synthetic_only,spam,ham,0
4,LogisticRegression,synthetic_only,spam,spam,80
4,LogisticRegression,synthetic_only,spam,smishing,17
4,LogisticRegression,synthetic_only,smishing,ham,0
4,LogisticRegression,synthetic_only,smishing,spam,7
4,LogisticRegression,synthetic_only,smishing,smishing,119
4,LogisticRegression,combined,ham,ham,963
4,LogisticRegression,combined,ham,spam,2
4,LogisticRegression,combined,ham,smishing,2
4,LogisticRegression,combined,spam,ham,3
4,LogisticRegression,combined,spam,spam,90
4,LogisticRegression,combined,spam,smishing,4
4,LogisticRegression,combined,smishing,ham,0
4,LogisticRegression,combined,smishing,spam,10
4,LogisticRegression,combined,smishing,smishing,116
4,LinearSVC,manual_only,ham,ham,964
4,LinearSVC,manual_only,ham,spam,1
4,LinearSVC,manual_only,ham,smishing,2
4,LinearSVC,manual_only,spam,ham,13
4,LinearSVC,manual_only,spam,spam,74
4,LinearSVC,manual_only,spam,smishing,10
4,LinearSVC,manual_only,smishing,ham,0
4,LinearSVC,manual_only,smishing,spam,14
4,LinearSVC,manual_only,smishing,smishing,112
4,LinearSVC,synthetic_only,ham,ham,0
4,LinearSVC,synthetic_only,ham,spam,913
4,LinearSVC,synthetic_only,ham,smishing,54
4,LinearSVC,synthetic_only,spam,ham,0
4,LinearSVC,synthetic_only,spam,spam,88
4,LinearSVC,synthetic_only,spam,smishing,9
4,LinearSVC,synthetic_only,smishing,ham,0
4,LinearSVC,synthetic_only,smishing,spam,5
4,LinearSVC,synthetic_only,smishing,smishing,121
4,LinearSVC,combined,ham,ham,965
4,LinearSVC,combined,ham,spam,1
4,LinearSVC,combined,ham,smishing,1
4,LinearSVC,combined,spam,ham,3
4,LinearSVC,combined,spam,spam,91
4,LinearSVC,combined,spam,smishing,3
4,LinearSVC,combined,smishing,ham,0
4,LinearSVC,combined,smishing,spam,7
4,LinearSVC,combined,smishing,smishing,119
5,MultinomialNB,manual_only,ham,ham,966
5,MultinomialNB,manual_only,ham,spam,0
5,MultinomialNB,manual_only,ham,smishing,1
5,MultinomialNB,manual_only,spam,ham,27
5,MultinomialNB,manual_only,spam,spam,42
5,MultinomialNB,manual_only,spam,smishing,28
5,MultinomialNB,manual_only,smishing,ham,3
5,MultinomialNB,manual_only,smishing,spam,10
5,MultinomialNB,manual_only,smishing,smishing,113
5,MultinomialNB,synthetic_only,ham,ham,0
5,MultinomialNB,synthetic_only,ham,spam,619
5,MultinomialNB,synthetic_only,ham,smishing,348
5,MultinomialNB,synthetic_only,spam,ham,0
5,MultinomialNB,synthetic_only,spam,spam,74
5,MultinomialNB,synthetic_only,spam,smishing,23
5,MultinomialNB,synthetic_only,smishing,ham,0
5,MultinomialNB,synthetic_only,smishing,spam,10
5,MultinomialNB,synthetic_only,smishing,smishing,116
5,MultinomialNB,combined,ham,ham,964
5,MultinomialNB,combined,ham,spam,0
5,MultinomialNB,combined,ham,smishing,3
5,MultinomialNB,combined,spam,ham,4
5,MultinomialNB,combined,spam,spam,72
5,MultinomialNB,combined,spam,smishing,21
5,MultinomialNB,combined,smishing,ham,0
5,MultinomialNB,combined,smishing,spam,12
5,MultinomialNB,combined,smishing,smishing,114
5,LogisticRegression,manual_only,ham,ham,966
5,LogisticRegression,manual_only,ham,spam,1
5,LogisticRegression,manual_only,ham,smishing,0
5,LogisticRegression,manual_only,spam,ham,10
5,LogisticRegression,manual_only,spam,spam,70
5,LogisticRegression,manual_only,spam,smishing,17
5,LogisticRegression,manual_only,smishing,ham,5
5,LogisticRegression,manual_only,smishing,spam,20
5,LogisticRegression,manual_only,smishing,smishing,101
5,LogisticRegression,synthetic_only,ham,ham,0
5,LogisticRegression,synthetic_only,ham,spam,957
5,LogisticRegression,synthetic_only,ham,smishing,10
5,LogisticRegression,synthetic_only,spam,ham,0
5,LogisticRegression,synthetic_only,spam,spam,73
5,LogisticRegression,synthetic_only,spam,smishing,24
5,LogisticRegression,synthetic_only,smishing,ham,0
5,LogisticRegression,synthetic_only,smishing,spam,7
5,LogisticRegression,synthetic_only,smishing,smishing,119
5,LogisticRegression,combined,ham,ham,963
5,LogisticRegression,combined,ham,spam,3
5,LogisticRegression,combined,ham,smishing,1
5,LogisticRegression,combined,spam,ham,3
5,LogisticRegression,combined,spam,spam,82
5,LogisticRegression,combined,spam,smishing,12
5,LogisticRegression,combined,smishing,ham,3
5,LogisticRegression,combined,smishing,spam,13
5,LogisticRegression,combined,smishing,smishing,110
5,LinearSVC,manual_only,ham,ham,967
5,LinearSVC,manual_only,ham,spam,0
5,LinearSVC,manual_only,ham,smishing,0
5,LinearSVC,manual_only,spam,ham,11
5,LinearSVC,manual_only,spam,spam,65
5,LinearSVC,manual_only,spam,smishing,21
5,LinearSVC,manual_only,smishing,ham,6
5,LinearSVC,manual_only,smishing,spam,20
5,LinearSVC,manual_only,smishing,smishing,100
5,LinearSVC,synthetic_only,ham,ham,0
5,LinearSVC,synthetic_only,ham,spam,902
5,LinearSVC,synthetic_only,ham,smishing,65
5,LinearSVC,synthetic_only,spam,ham,0
5,LinearSVC,synthetic_only,spam,spam,77
5,LinearSVC,synthetic_only,spam,smishing,20
5,LinearSVC,synthetic_only,smishing,ham,0
5,LinearSVC,synthetic_only,smishing,spam,6
5,LinearSVC,synthetic_only,smishing,smishing,120
5,LinearSVC,combined,ham,ham,966
5,LinearSVC,combined,ham,spam,0
5,LinearSVC,combined,ham,smishing,1
5,LinearSVC,combined,spam,ham,2
5,LinearSVC,combined,spam,spam,83
5,LinearSVC,combined,spam,smishing,12
5,LinearSVC,combined,smishing,ham,1
5,LinearSVC,combined,smishing,spam,10
5,LinearSVC,combined,smishing,smishing,115
6,MultinomialNB,manual_only,ham,ham,965
6,MultinomialNB,manual_only,ham,spam,0
6,MultinomialNB,manual_only,ham,smishing,2
6,MultinomialNB,manual_only,spam,ham,18
6,MultinomialNB,manual_only,spam,spam,62
6,MultinomialNB,manual_only,spam,smishing,17
6,MultinomialNB,manual_only,smishing,ham,5
6,MultinomialNB,manual_only,smishing,spam,6
6,MultinomialNB,manual_only,smishing,smishing,115
6,MultinomialNB,synthetic_only,ham,ham,0
6,MultinomialNB,synthetic_only,ham,spam,627
6,MultinomialNB,synthetic_only,ham,smishing,340
6,MultinomialNB,synthetic_only,spam,ham,0
6,MultinomialNB,synthetic_only,spam,spam,84
6,MultinomialNB,synthetic_only,spam,smishing,13
6,MultinomialNB,synthetic_only,smishing,ham,0
6,MultinomialNB,synthetic_only,smishing,spam,9
6,MultinomialNB,synthetic_only,smishing,smishing,117
6,MultinomialNB,combined,ham,ham,962
6,MultinomialNB,combined,ham,spam,1
6,MultinomialNB,combined,ham,smishing,4
6,MultinomialNB,combined,spam,ham,5
6,MultinomialNB,combined,spam,spam,81
6,MultinomialNB,combined,spam,smishing,11
6,MultinomialNB,combined,smishing,ham,1
6,MultinomialNB,combined,smishing,spam,7
6,MultinomialNB,combined,smishing,smishing,118
6,LogisticRegression,manual_only,ham,ham,962
6,LogisticRegression,manual_only,ham,spam,4
6,LogisticRegression,manual_only,ham,smishing,1
6,LogisticRegression,manual_only,spam,ham,14
6,LogisticRegression,manual_only,spam,spam,75
6,LogisticRegression,manual_only,spam,smishing,8
6,LogisticRegression,manual_only,smishing,ham,1
6,LogisticRegression,manual_only,smishing,spam,13
6,LogisticRegression,manual_only,smishing,smishing,112
6,LogisticRegression,synthetic_only,ham,ham,0
6,LogisticRegression,synthetic_only,ham,spam,957
6,LogisticRegression,synthetic_only,ham,smishing,10
6,LogisticRegression,synthetic_only,spam,ham,0
6,LogisticRegression,synthetic_only,spam,spam,78
6,LogisticRegression,synthetic_only,spam,smishing,19
6,LogisticRegression,synthetic_only,smishing,ham,0
6,LogisticRegression,synthetic_only,smishing,spam,6
6,LogisticRegression,synthetic_only,smishing,smishing,120
6,LogisticRegression,combined,ham,ham,960
6,LogisticRegression,combined,ham,spam,3
6,LogisticRegression,combined,ham,smishing,4
6,LogisticRegression,combined,spam,ham,5
6,LogisticRegression,combined,spam,spam,86
6,LogisticRegression,combined,spam,smishing,6
6,LogisticRegression,combined,smishing,ham,1
6,LogisticRegression,combined,smishing,spam,7
6,LogisticRegression,combined,smishing,smishing,118
6,LinearSVC,manual_only,ham,ham,963
6,LinearSVC,manual_only,ham,spam,3
6,LinearSVC,manual_only,ham,smishing,1
6,LinearSVC,manual_only,spam,ham,13
6,LinearSVC,manual_only,spam,spam,76
6,LinearSVC,manual_only,spam,smishing,8
6,LinearSVC,manual_only,smishing,ham,1
6,LinearSVC,manual_only,smishing,spam,13
6,LinearSVC,manual_only,smishing,smishing,112
6,LinearSVC,synthetic_only,ham,ham,0
6,LinearSVC,synthetic_only,ham,spam,885
6,LinearSVC,synthetic_only,ham,smishing,82
6,LinearSVC,synthetic_only,spam,ham,0
6,LinearSVC,synthetic_only,spam,spam,81
6,LinearSVC,synthetic_only,spam,smishing,16
6,LinearSVC,synthetic_only,smishing,ham,0
6,LinearSVC,synthetic_only,smishing,spam,5
6,LinearSVC,synthetic_only,smishing,smishing,121
6,LinearSVC,combined,ham,ham,965
6,LinearSVC,combined,ham,spam,1
6,LinearSVC,combined,ham,smishing,1
6,LinearSVC,combined,spam,ham,3
6,LinearSVC,combined,spam,spam,87
6,LinearSVC,combined,spam,smishing,7
6,LinearSVC,combined,smishing,ham,0
6,LinearSVC,combined,smishing,spam,6
6,LinearSVC,combined,smishing,smishing,120
7,MultinomialNB,manual_only,ham,ham,967
7,MultinomialNB,manual_only,ham,spam,0
7,MultinomialNB,manual_only,ham,smishing,0
7,MultinomialNB,manual_only,spam,ham,23
7,MultinomialNB,manual_only,spam,spam,55
7,MultinomialNB,manual_only,spam,smishing,19
7,MultinomialNB,manual_only,smishing,ham,5
7,MultinomialNB,manual_only,smishing,spam,8
7,MultinomialNB,manual_only,smishing,smishing,113
7,MultinomialNB,synthetic_only,ham,ham,0
7,MultinomialNB,synthetic_only,ham,spam,582
7,MultinomialNB,synthetic_only,ham,smishing,385
7,MultinomialNB,synthetic_only,spam,ham,0
7,MultinomialNB,synthetic_only,spam,spam,85
7,MultinomialNB,synthetic_only,spam,smishing,12
7,MultinomialNB,synthetic_only,smishing,ham,0
7,MultinomialNB,synthetic_only,smishing,spam,13
7,MultinomialNB,synthetic_only,smishing,smishing,113
7,MultinomialNB,combined,ham,ham,960
7,MultinomialNB,combined,ham,spam,2
7,MultinomialNB,combined,ham,smishing,5
7,MultinomialNB,combined,spam,ham,3
7,MultinomialNB,combined,spam,spam,84
7,MultinomialNB,combined,spam,smishing,10
7,MultinomialNB,combined,smishing,ham,0
7,MultinomialNB,combined,smishing,spam,12
7,MultinomialNB,combined,smishing,smishing,114
7,LogisticRegression,manual_only,ham,ham,962
7,LogisticRegression,manual_only,ham,spam,4
7,LogisticRegression,manual_only,ham,smishing,1
7,LogisticRegression,manual_only,spam,ham,14
7,LogisticRegression,manual_only,spam,spam,75
7,LogisticRegression,manual_only,spam,smishing,8
7,LogisticRegression,manual_only,smishing,ham,3
7,LogisticRegression,manual_only,smishing,spam,14
7,LogisticRegression,manual_only,smishing,smishing,109
7,LogisticRegression,synthetic_only,ham,ham,0
7,LogisticRegression,synthetic_only,ham,spam,956
7,LogisticRegression,synthetic_only,ham,smishing,11
7,LogisticRegression,synthetic_only,spam,ham,0
7,LogisticRegression,synthetic_only,spam,spam,76
7,LogisticRegression,synthetic_only,spam,smishing,21
7,LogisticRegression,synthetic_only,smishing,ham,0
7,LogisticRegression,synthetic_only,smishing,spam,12
7,LogisticRegression,synthetic_only,smishing,smishing,114
7,LogisticRegression,combined,ham,ham,960
7,LogisticRegression,combined,ham,spam,4
7,LogisticRegression,combined,ham,smishing,3
7,LogisticRegression,combined,spam,ham,3
7,LogisticRegression,combined,spam,spam,89
7,LogisticRegression,combined,spam,smishing,5
7,LogisticRegression,combined,smishing,ham,2
7,LogisticRegression,combined,smishing,spam,13
7,LogisticRegression,combined,smishing,smishing,111
7,LinearSVC,manual_only,ham,ham,963
7,LinearSVC,manual_only,ham,spam,3
7,LinearSVC,manual_only,ham,smishing,1
7,LinearSVC,manual_only,spam,ham,14
7,LinearSVC,manual_only,spam,spam,73
7,LinearSVC,manual_only,spam,smishing,10
7,LinearSVC,manual_only,smishing,ham,1
7,LinearSVC,manual_only,smishing,spam,14
7,LinearSVC,manual_only,smishing,smishing,111
7,LinearSVC,synthetic_only,ham,ham,0
7,LinearSVC,synthetic_only,ham,spam,887
7,LinearSVC,synthetic_only,ham,smishing,80
7,LinearSVC,synthetic_only,spam,ham,0
7,LinearSVC,synthetic_only,spam,spam,84
7,LinearSVC,synthetic_only,spam,smishing,13
7,LinearSVC,synthetic_only,smishing,ham,0
7,LinearSVC,synthetic_only,smishing,spam,10
7,LinearSVC,synthetic_only,smishing,smishing,116
7,LinearSVC,combined,ham,ham,964
7,LinearSVC,combined,ham,spam,1
7,LinearSVC,combined,ham,smishing,2
7,LinearSVC,combined,spam,ham,2
7,LinearSVC,combined,spam,spam,91
7,LinearSVC,combined,spam,smishing,4
7,LinearSVC,combined,smishing,ham,0
7,LinearSVC,combined,smishing,spam,8
7,LinearSVC,combined,smishing,smishing,118
8,MultinomialNB,manual_only,ham,ham,966
8,MultinomialNB,manual_only,ham,spam,0
8,MultinomialNB,manual_only,ham,smishing,1
8,MultinomialNB,manual_only,spam,ham,25
8,MultinomialNB,manual_only,spam,spam,55
8,MultinomialNB,manual_only,spam,smishing,17
8,MultinomialNB,manual_only,smishing,ham,3
8,MultinomialNB,manual_only,smishing,spam,10
8,MultinomialNB,manual_only,smishing,smishing,113
8,MultinomialNB,synthetic_only,ham,ham,0
8,MultinomialNB,synthetic_only,ham,spam,610
8,MultinomialNB,synthetic_only,ham,smishing,357
8,MultinomialNB,synthetic_only,spam,ham,0
8,MultinomialNB,synthetic_only,spam,spam,83
8,MultinomialNB,synthetic_only,spam,smishing,14
8,MultinomialNB,synthetic_only,smishing,ham,0
8,MultinomialNB,synthetic_only,smishing,spam,9
8,MultinomialNB,synthetic_only,smishing,smishing,117
8,MultinomialNB,combined,ham,ham,961
8,MultinomialNB,combined,ham,spam,1
8,MultinomialNB,combined,ham,smishing,5
8,MultinomialNB,combined,spam,ham,5
8,MultinomialNB,combined,spam,spam,81
8,MultinomialNB,combined,spam,smishing,11
8,MultinomialNB,combined,smishing,ham,1
8,MultinomialNB,combined,smishing,spam,8
8,MultinomialNB,combined,smishing,smishing,117
8,LogisticRegression,manual_only,ham,ham,964
8,LogisticRegression,manual_only,ham,spam,2
8,LogisticRegression,manual_only,ham,smishing,1
8,LogisticRegression,manual_only,spam,ham,15
8,LogisticRegression,manual_only,spam,spam,73
8,LogisticRegression,manual_only,spam,smishing,9
8,LogisticRegression,manual_only,smishing,ham,3
8,LogisticRegression,manual_only,smishing,spam,13
8,LogisticRegression,manual_only,smishing,smishing,110
8,LogisticRegression,synthetic_only,ham,ham,0
8,LogisticRegression,synthetic_only,ham,spam,957
8,LogisticRegression,synthetic_only,ham,smishing,10
8,LogisticRegression,synthetic_only,spam,ham,0
8,LogisticRegression,synthetic_only,spam,spam,81
8,LogisticRegression,synthetic_only,spam,smishing,16
8,LogisticRegression,synthetic_only,smishing,ham,0
8,LogisticRegression,synthetic_only,smishing,spam,6
8,LogisticRegression,synthetic_only,smishing,smishing,120
8,LogisticRegression,combined,ham,ham,961
8,LogisticRegression,combined,ham,spam,4
8,LogisticRegression,combined,ham,smishing,2
8,LogisticRegression,combined,spam,ham,4
8,LogisticRegression,combined,spam,spam,86
8,LogisticRegression,combined,spam,smishing,7
8,LogisticRegression,combined,smishing,ham,2
8,LogisticRegression,combined,smishing,spam,9
8,LogisticRegression,combined,smishing,smishing,115
8,LinearSVC,manual_only,ham,ham,965
8,LinearSVC,manual_only,ham,spam,1
8,LinearSVC,manual_only,ham,smishing,1
8,LinearSVC,manual_only,spam,ham,15
8,LinearSVC,manual_only,spam,spam,70
8,LinearSVC,manual_only,spam,smishing,12
8,LinearSVC,manual_only,smishing,ham,3
8,LinearSVC,manual_only,smishing,spam,13
8,LinearSVC,manual_only,smishing,smishing,110
8,LinearSVC,synthetic_only,ham,ham,0
8,LinearSVC,synthetic_only,ham,spam,892
8,LinearSVC,synthetic_only,ham,smishing,75
8,LinearSVC,synthetic_only,spam,ham,0
8,LinearSVC,synthetic_only,spam,spam,83
8,LinearSVC,synthetic_only,spam,smishing,14
8,LinearSVC,synthetic_only,smishing,ham,0
8,LinearSVC,synthetic_only,smishing,spam,6
8,LinearSVC,synthetic_only,smishing,smishing,120
8,LinearSVC,combined,ham,ham,964
8,LinearSVC,combined,ham,spam,2
8,LinearSVC,combined,ham,smishing,1
8,LinearSVC,combined,spam,ham,3
8,LinearSVC,combined,spam,spam,86
8,LinearSVC,combined,spam,smishing,8
8,LinearSVC,combined,smishing,ham,0
8,LinearSVC,combined,smishing,spam,5
8,LinearSVC,combined,smishing,smishing,121
9,MultinomialNB,manual_only,ham,ham,966
9,MultinomialNB,manual_only,ham,spam,0
9,MultinomialNB,manual_only,ham,smishing,1
9,MultinomialNB,manual_only,spam,ham,18
9,MultinomialNB,manual_only,spam,spam,50
9,MultinomialNB,manual_only,spam,smishing,29
9,MultinomialNB,manual_only,smishing,ham,5
9,MultinomialNB,manual_only,smishing,spam,12
9,MultinomialNB,manual_only,smishing,smishing,109
9,MultinomialNB,synthetic_only,ham,ham,0
9,MultinomialNB,synthetic_only,ham,spam,596
9,MultinomialNB,synthetic_only,ham,smishing,371
9,MultinomialNB,synthetic_only,spam,ham,0
9,MultinomialNB,synthetic_only,spam,spam,78
9,MultinomialNB,synthetic_only,spam,smishing,19
9,MultinomialNB,synthetic_only,smishing,ham,0
9,MultinomialNB,synthetic_only,smishing,spam,10
9,MultinomialNB,synthetic_only,smishing,smishing,116
9,MultinomialNB,combined,ham,ham,961
9,MultinomialNB,combined,ham,spam,1
9,MultinomialNB,combined,ham,smishing,5
9,MultinomialNB,combined,spam,ham,5
9,MultinomialNB,combined,spam,spam,73
9,MultinomialNB,combined,spam,smishing,19
9,MultinomialNB,combined,smishing,ham,0
9,MultinomialNB,combined,smishing,spam,11
9,MultinomialNB,combined,smishing,smishing,115
9,LogisticRegression,manual_only,ham,ham,961
9,LogisticRegression,manual_only,ham,spam,5
9,LogisticRegression,manual_only,ham,smishing,1
9,LogisticRegression,manual_only,spam,ham,12
9,LogisticRegression,manual_only,spam,spam,71
9,LogisticRegression,manual_only,spam,smishing,14
9,LogisticRegression,manual_only,smishing,ham,4
9,LogisticRegression,manual_only,smishing,spam,19
9,LogisticRegression,manual_only,smishing,smishing,103
9,LogisticRegression,synthetic_only,ham,ham,0
9,LogisticRegression,synthetic_only,ham,spam,954
9,LogisticRegression,synthetic_only,ham,smishing,13
9,LogisticRegression,synthetic_only,spam,ham,0
9,LogisticRegression,synthetic_only,spam,spam,67
9,LogisticRegression,synthetic_only,spam,smishing,30
9,LogisticRegression,synthetic_only,smishing,ham,0
9,LogisticRegression,synthetic_only,smishing,spam,9
9,LogisticRegression,synthetic_only,smishing,smishing,117
9,LogisticRegression,combined,ham,ham,959
9,LogisticRegression,combined,ham,spam,5
9,LogisticRegression,combined,ham,smishing,3
9,LogisticRegression,combined,spam,ham,2
9,LogisticRegression,combined,spam,spam,82
9,LogisticRegression,combined,spam,smishing,13
9,LogisticRegression,combined,smishing,ham,3
9,LogisticRegression,combined,smishing,spam,9
9,LogisticRegression,combined,smishing,smishing,114
9,LinearSVC,manual_only,ham,ham,964
9,LinearSVC,manual_only,ham,spam,2
9,LinearSVC,manual_only,ham,smishing,1
9,LinearSVC,manual_only,spam,ham,14
9,LinearSVC,manual_only,spam,spam,68
9,LinearSVC,manual_only,spam,smishing,15
9,LinearSVC,manual_only,smishing,ham,3
9,LinearSVC,manual_only,smishing,spam,18
9,LinearSVC,manual_only,smishing,smishing,105
9,LinearSVC,synthetic_only,ham,ham,0
9,LinearSVC,synthetic_only,ham,spam,911
9,LinearSVC,synthetic_only,ham,smishing,56
9,LinearSVC,synthetic_only,spam,ham,0
9,LinearSVC,synthetic_only,spam,spam,79
9,LinearSVC,synthetic_only,spam,smishing,18
9,LinearSVC,synthetic_only,smishing,ham,0
9,LinearSVC,synthetic_only,smishing,spam,6
9,LinearSVC,synthetic_only,smishing,smishing,120
9,LinearSVC,combined,ham,ham,963
9,LinearSVC,combined,ham,spam,2
9,LinearSVC,combined,ham,smishing,2
9,LinearSVC,combined,spam,ham,3
9,LinearSVC,combined,spam,spam,86
9,LinearSVC,combined,spam,smishing,8
9,LinearSVC,combined,smishing,ham,0
9,LinearSVC,combined,smishing,spam,8
9,LinearSVC,combined,smishing,smishing,118
10,MultinomialNB,manual_only,ham,ham,967
10,MultinomialNB,manual_only,ham,spam,0
10,MultinomialNB,manual_only,ham,smishing,0
10,MultinomialNB,manual_only,spam,ham,20
10,MultinomialNB,manual_only,spam,spam,47
10,MultinomialNB,manual_only,spam,smishing,30
10,MultinomialNB,manual_only,smishing,ham,4
10,MultinomialNB,manual_only,smishing,spam,8
10,MultinomialNB,manual_only,smishing,smishing,114
10,MultinomialNB,synthetic_only,ham,ham,0
10,MultinomialNB,synthetic_only,ham,spam,616
10,MultinomialNB,synthetic_only,ham,smishing,351
10,MultinomialNB,synthetic_only,spam,ham,0
10,MultinomialNB,synthetic_only,spam,spam,74
10,MultinomialNB,synthetic_only,spam,smishing,23
10,MultinomialNB,synthetic_only,smishing,ham,0
10,MultinomialNB,synthetic_only,smishing,spam,9
10,MultinomialNB,synthetic_only,smishing,smishing,117
10,MultinomialNB,combined,ham,ham,964
10,MultinomialNB,combined,ham,spam,1
10,MultinomialNB,combined,ham,smishing,2
10,MultinomialNB,combined,spam,ham,9
10,MultinomialNB,combined,spam,spam,63
10,MultinomialNB,combined,spam,smishing,25
10,MultinomialNB,combined,smishing,ham,0
10,MultinomialNB,combined,smishing,spam,11
10,MultinomialNB,combined,smishing,smishing,115
10,LogisticRegression,manual_only,ham,ham,964
10,LogisticRegression,manual_only,ham,spam,2
10,LogisticRegression,manual_only,ham,smishing,1
10,LogisticRegression,manual_only,spam,ham,17
10,LogisticRegression,manual_only,spam,spam,54
10,LogisticRegression,manual_only,spam,smishing,26
10,LogisticRegression,manual_only,smishing,ham,2
10,LogisticRegression,manual_only,smishing,spam,18
10,LogisticRegression,manual_only,smishing,smishing,106
10,LogisticRegression,synthetic_only,ham,ham,0
10,LogisticRegression,synthetic_only,ham,spam,956
10,LogisticRegression,synthetic_only,ham,smishing,11
10,LogisticRegression,synthetic_only,spam,ham,0
10,LogisticRegression,synthetic_only,spam,spam,74
10,LogisticRegression,synthetic_only,spam,smishing,23
10,LogisticRegression,synthetic_only,smishing,ham,0
10,LogisticRegression,synthetic_only,smishing,spam,6
10,LogisticRegression,synthetic_only,smishing,smishing,120
10,LogisticRegression,combined,ham,ham,962
10,LogisticRegression,combined,ham,spam,4
10,LogisticRegression,combined,ham,smishing,1
10,LogisticRegression,combined,spam,ham,4
10,LogisticRegression,combined,spam,spam,73
10,LogisticRegression,combined,spam,smishing,20
10,LogisticRegression,combined,smishing,ham,0
10,LogisticRegression,combined,smishing,spam,13
10,LogisticRegression,combined,smishing,smishing,113
10,LinearSVC,manual_only,ham,ham,967
10,LinearSVC,manual_only,ham,spam,0
10,LinearSVC,manual_only,ham,smishing,0
10,LinearSVC,manual_only,spam,ham,16
10,LinearSVC,manual_only,spam,spam,58
10,LinearSVC,manual_only,spam,smishing,23
10,LinearSVC,manual_only,smishing,ham,1
10,LinearSVC,manual_only,smishing,spam,17
10,LinearSVC,manual_only,smishing,smishing,108
10,LinearSVC,synthetic_only,ham,ham,0
10,LinearSVC,synthetic_only,ham,spam,906
10,LinearSVC,synthetic_only,ham,smishing,61
10,LinearSVC,synthetic_only,spam,ham,0
10,LinearSVC,synthetic_only,spam,spam,74
10,LinearSVC,synthetic_only,spam,smishing,23
10,LinearSVC,synthetic_only,smishing,ham,0
10,LinearSVC,synthetic_only,smishing,spam,7
10,LinearSVC,synthetic_only,smishing,smishing,119
10,LinearSVC,combined,ham,ham,967
10,LinearSVC,combined,ham,spam,0
10,LinearSVC,combined,ham,smishing,0
10,LinearSVC,combined,spam,ham,4
10,LinearSVC,combined,spam,spam,77
10,LinearSVC,combined,spam,smishing,16
10,LinearSVC,combined,smishing,ham,0
10,LinearSVC,combined,smishing,spam,9
10,LinearSVC,combined,smishing,smishing,117
11,MultinomialNB,manual_only,ham,ham,967
11,MultinomialNB,manual_only,ham,spam,0
11,MultinomialNB,manual_only,ham,smishing,0
11,MultinomialNB,manual_only,spam,ham,18
11,MultinomialNB,manual_only,spam,spam,52
11,MultinomialNB,manual_only,spam,smishing,27
11,MultinomialNB,manual_only,smishing,ham,3
11,MultinomialNB,manual_only,smishing,spam,10
11,MultinomialNB,manual_only,smishing,smishing,113
11,MultinomialNB,synthetic_only,ham,ham,0
11,MultinomialNB,synthetic_only,ham,spam,609
11,MultinomialNB,synthetic_only,ham,smishing,358
11,MultinomialNB,synthetic_only,spam,ham,0
11,MultinomialNB,synthetic_only,spam,spam,80
11,MultinomialNB,synthetic_only,spam,smishing,17
11,MultinomialNB,synthetic_only,smishing,ham,0
11,MultinomialNB,synthetic_only,smishing,spam,5
11,MultinomialNB,synthetic_only,smishing,smishing,121
11,MultinomialNB,combined,ham,ham,964
11,MultinomialNB,combined,ham,spam,0
11,MultinomialNB,combined,ham,smishing,3
11,MultinomialNB,combined,spam,ham,5
11,MultinomialNB,combined,spam,spam,78
11,MultinomialNB,combined,spam,smishing,14
11,MultinomialNB,combined,smishing,ham,0
11,MultinomialNB,combined,smishing,spam,9
11,MultinomialNB,combined,smishing,smishing,117
11,LogisticRegression,manual_only,ham,ham,964
11,LogisticRegression,manual_only,ham,spam,2
11,LogisticRegression,manual_only,ham,smishing,1
11,LogisticRegression,manual_only,spam,ham,11
11,LogisticRegression,manual_only,spam,spam,71
11,LogisticRegression,manual_only,spam,smishing,15
11,LogisticRegression,manual_only,smishing,ham,0
11,LogisticRegression,manual_only,smishing,spam,23
11,LogisticRegression,manual_only,smishing,smishing,103
11,LogisticRegression,synthetic_only,ham,ham,0
11,LogisticRegression,synthetic_only,ham,spam,960
11,LogisticRegression,synthetic_only,ham,smishing,7
11,LogisticRegression,synthetic_only,spam,ham,0
11,LogisticRegression,synthetic_only,spam,spam,75
11,LogisticRegression,synthetic_only,spam,smishing,22
11,LogisticRegression,synthetic_only,smishing,ham,0
11,LogisticRegression,synthetic_only,smishing,spam,6
11,LogisticRegression,synthetic_only,smishing,smishing,120
11,LogisticRegression,combined,ham,ham,961
11,LogisticRegression,combined,ham,spam,3
11,LogisticRegression,combined,ham,smishing,3
11,LogisticRegression,combined,spam,ham,2
11,LogisticRegression,combined,spam,spam,87
11,LogisticRegression,combined,spam,smishing,8
11,LogisticRegression,combined,smishing,ham,0
11,LogisticRegression,combined,smishing,spam,10
11,LogisticRegression,combined,smishing,smishing,116
11,LinearSVC,manual_only,ham,ham,966
11,LinearSVC,manual_only,ham,spam,0
11,LinearSVC,manual_only,ham,smishing,1
11,LinearSVC,manual_only,spam,ham,12
11,LinearSVC,manual_only,spam,spam,69
11,LinearSVC,manual_only,spam,smishing,16
11,LinearSVC,manual_only,smishing,ham,0
11,LinearSVC,manual_only,smishing,spam,22
11,LinearSVC,manual_only,smishing,smishing,104
11,LinearSVC,synthetic_only,ham,ham,0
11,LinearSVC,synthetic_only,ham,spam,901
11,LinearSVC,synthetic_only,ham,smishing,66
11,LinearSVC,synthetic_only,spam,ham,0
11,LinearSVC,synthetic_only,spam,spam,83
11,LinearSVC,synthetic_only,spam,smishing,14
11,LinearSVC,synthetic_only,smishing,ham,0
11,LinearSVC,synthetic_only,smishing,spam,4
11,LinearSVC,synthetic_only,smishing,smishing,122
11,LinearSVC,combined,ham,ham,965
11,LinearSVC,combined,ham,spam,1
11,LinearSVC,combined,ham,smishing,1
11,LinearSVC,combined,spam,ham,1
11,LinearSVC,combined,spam,spam,89
11,LinearSVC,combined,spam,smishing,7
11,LinearSVC,combined,smishing,ham,0
11,LinearSVC,combined,smishing,spam,7
11,LinearSVC,combined,smishing,smishing,119
12,MultinomialNB,manual_only,ham,ham,965
12,MultinomialNB,manual_only,ham,spam,0
12,MultinomialNB,manual_only,ham,smishing,2
12,MultinomialNB,manual_only,spam,ham,20
12,MultinomialNB,manual_only,spam,spam,51
12,MultinomialNB,manual_only,spam,smishing,26
12,MultinomialNB,manual_only,smishing,ham,2
12,MultinomialNB,manual_only,smishing,spam,10
12,MultinomialNB,manual_only,smishing,smishing,114
12,MultinomialNB,synthetic_only,ham,ham,0
12,MultinomialNB,synthetic_only,ham,spam,575
12,MultinomialNB,synthetic_only,ham,smishing,392
12,MultinomialNB,synthetic_only,spam,ham,0
12,MultinomialNB,synthetic_only,spam,spam,77
12,MultinomialNB,synthetic_only,spam,smishing,20
12,MultinomialNB,synthetic_only,smishing,ham,0
12,MultinomialNB,synthetic_only,smishing,spam,5
12,MultinomialNB,synthetic_only,smishing,smishing,121
12,MultinomialNB,combined,ham,ham,959
12,MultinomialNB,combined,ham,spam,1
12,MultinomialNB,combined,ham,smishing,7
12,MultinomialNB,combined,spam,ham,3
12,MultinomialNB,combined,spam,spam,77
12,MultinomialNB,combined,spam,smishing,17
12,MultinomialNB,combined,smishing,ham,0
12,MultinomialNB,combined,smishing,spam,4
12,MultinomialNB,combined,smishing,smishing,122
12,LogisticRegression,manual_only,ham,ham,961
12,LogisticRegression,manual_only,ham,spam,5
12,LogisticRegression,manual_only,ham,smishing,1
12,LogisticRegression,manual_only,spam,ham,12
12,LogisticRegression,manual_only,spam,spam,72
12,LogisticRegression,manual_only,spam,smishing,13
12,LogisticRegression,manual_only,smishing,ham,2
12,LogisticRegression,manual_only,smishing,spam,13
12,LogisticRegression,manual_only,smishing,smishing,111
12,LogisticRegression,synthetic_only,ham,ham,0
12,LogisticRegression,synthetic_only,ham,spam,951
12,LogisticRegression,synthetic_only,ham,smishing,16
12,LogisticRegression,synthetic_only,spam,ham,0
12,LogisticRegression,synthetic_only,spam,spam,76
12,LogisticRegression,synthetic_only,spam,smishing,21
12,LogisticRegression,synthetic_only,smishing,ham,0
12,LogisticRegression,synthetic_only,smishing,spam,6
12,LogisticRegression,synthetic_only,smishing,smishing,120
12,LogisticRegression,combined,ham,ham,958
12,LogisticRegression,combined,ham,spam,5
12,LogisticRegression,combined,ham,smishing,4
12,LogisticRegression,combined,spam,ham,1
12,LogisticRegression,combined,spam,spam,86
12,LogisticRegression,combined,spam,smishing,10
12,LogisticRegression,combined,smishing,ham,2
12,LogisticRegression,combined,smishing,spam,4
12,LogisticRegression,combined,smishing,smishing,120
12,LinearSVC,manual_only,ham,ham,963
12,LinearSVC,manual_only,ham,spam,2
12,LinearSVC,manual_only,ham,smishing,2
12,LinearSVC,manual_only,spam,ham,12
12,LinearSVC,manual_only,spam,spam,71
12,LinearSVC,manual_only,spam,smishing,14
12,LinearSVC,manual_only,smishing,ham,2
12,LinearSVC,manual_only,smishing,spam,13
12,LinearSVC,manual_only,smishing,smishing,111
12,LinearSVC,synthetic_only,ham,ham,0
12,LinearSVC,synthetic_only,ham,spam,880
12,LinearSVC,synthetic_only,ham,smishing,87
12,LinearSVC,synthetic_only,spam,ham,0
12,LinearSVC,synthetic_only,spam,spam,82
12,LinearSVC,synthetic_only,spam,smishing,15
12,LinearSVC,synthetic_only,smishing,ham,0
12,LinearSVC,synthetic_only,smishing,spam,4
12,LinearSVC,synthetic_only,smishing,smishing,122
12,LinearSVC,combined,ham,ham,964
12,LinearSVC,combined,ham,spam,2
12,LinearSVC,combined,ham,smishing,1
12,LinearSVC,combined,spam,ham,1
12,LinearSVC,combined,spam,spam,87
12,LinearSVC,combined,spam,smishing,9
12,LinearSVC,combined,smishing,ham,0
12,LinearSVC,combined,smishing,spam,3
12,LinearSVC,combined,smishing,smishing,123
13,MultinomialNB,manual_only,ham,ham,967
13,MultinomialNB,manual_only,ham,spam,0
13,MultinomialNB,manual_only,ham,smishing,0
13,MultinomialNB,manual_only,spam,ham,24
13,MultinomialNB,manual_only,spam,spam,51
13,MultinomialNB,manual_only,spam,smishing,22
13,MultinomialNB,manual_only,smishing,ham,5
13,MultinomialNB,manual_only,smishing,spam,6
13,MultinomialNB,manual_only,smishing,smishing,115
13,MultinomialNB,synthetic_only,ham,ham,0
13,MultinomialNB,synthetic_only,ham,spam,593
13,MultinomialNB,synthetic_only,ham,smishing,374
13,MultinomialNB,synthetic_only,spam,ham,0
13,MultinomialNB,synthetic_only,spam,spam,79
13,MultinomialNB,synthetic_only,spam,smishing,18
13,MultinomialNB,synthetic_only,smishing,ham,0
13,MultinomialNB,synthetic_only,smishing,spam,6
13,MultinomialNB,synthetic_only,smishing,smishing,120
13,MultinomialNB,combined,ham,ham,966
13,MultinomialNB,combined,ham,spam,0
13,MultinomialNB,combined,ham,smishing,1
13,MultinomialNB,combined,spam,ham,6
13,MultinomialNB,combined,spam,spam,74
13,MultinomialNB,combined,spam,smishing,17
13,MultinomialNB,combined,smishing,ham,1
13,MultinomialNB,combined,smishing,spam,5
13,MultinomialNB,combined,smishing,smishing,120
13,LogisticRegression,manual_only,ham,ham,966
13,LogisticRegression,manual_only,ham,spam,1
13,LogisticRegression,manual_only,ham,smishing,0
13,LogisticRegression,manual_only,spam,ham,12
13,LogisticRegression,manual_only,spam,spam,73
13,LogisticRegression,manual_only,spam,smishing,12
13,LogisticRegression,manual_only,smishing,ham,9
13,LogisticRegression,manual_only,smishing,spam,11
13,LogisticRegression,manual_only,smishing,smishing,106
13,LogisticRegression,synthetic_only,ham,ham,0
13,LogisticRegression,synthetic_only,ham,spam,958
13,LogisticRegression,synthetic_only,ham,smishing,9
13,LogisticRegression,synthetic_only,spam,ham,0
13,LogisticRegression,synthetic_only,spam,spam,75
13,LogisticRegression,synthetic_only,spam,smishing,22
13,LogisticRegression,synthetic_only,smishing,ham,0
13,LogisticRegression,synthetic_only,smishing,spam,6
13,LogisticRegression,synthetic_only,smishing,smishing,120
13,LogisticRegression,combined,ham,ham,965
13,LogisticRegression,combined,ham,spam,1
13,LogisticRegression,combined,ham,smishing,1
13,LogisticRegression,combined,spam,ham,4
13,LogisticRegression,combined,spam,spam,80
13,LogisticRegression,combined,spam,smishing,13
13,LogisticRegression,combined,smishing,ham,2
13,LogisticRegression,combined,smishing,spam,6
13,LogisticRegression,combined,smishing,smishing,118
13,LinearSVC,manual_only,ham,ham,967
13,LinearSVC,manual_only,ham,spam,0
13,LinearSVC,manual_only,ham,smishing,0
13,LinearSVC,manual_only,spam,ham,12
13,LinearSVC,manual_only,spam,spam,72
13,LinearSVC,manual_only,spam,smishing,13
13,LinearSVC,manual_only,smishing,ham,4
13,LinearSVC,manual_only,smishing,spam,11
13,LinearSVC,manual_only,smishing,smishing,111
13,LinearSVC,synthetic_only,ham,ham,0
13,LinearSVC,synthetic_only,ham,spam,878
13,LinearSVC,synthetic_only,ham,smishing,89
13,LinearSVC,synthetic_only,spam,ham,0
13,LinearSVC,synthetic_only,spam,spam,78
13,LinearSVC,synthetic_only,spam,smishing,19
13,LinearSVC,synthetic_only,smishing,ham,0
13,LinearSVC,synthetic_only,smishing,spam,4
13,LinearSVC,synthetic_only,smishing,smishing,122
13,LinearSVC,combined,ham,ham,966
13,LinearSVC,combined,ham,spam,0
13,LinearSVC,combined,ham,smishing,1
13,LinearSVC,combined,spam,ham,3
13,LinearSVC,combined,spam,spam,85
13,LinearSVC,combined,spam,smishing,9
13,LinearSVC,combined,smishing,ham,1
13,LinearSVC,combined,smishing,spam,5
13,LinearSVC,combined,smishing,smishing,120
14,MultinomialNB,manual_only,ham,ham,965
14,MultinomialNB,manual_only,ham,spam,1
14,MultinomialNB,manual_only,ham,smishing,1
14,MultinomialNB,manual_only,spam,ham,19
14,MultinomialNB,manual_only,spam,spam,56
14,MultinomialNB,manual_only,spam,smishing,22
14,MultinomialNB,manual_only,smishing,ham,4
14,MultinomialNB,manual_only,smishing,spam,8
14,MultinomialNB,manual_only,smishing,smishing,114
14,MultinomialNB,synthetic_only,ham,ham,0
14,MultinomialNB,synthetic_only,ham,spam,606
14,MultinomialNB,synthetic_only,ham,smishing,361
14,MultinomialNB,synthetic_only,spam,ham,0
14,MultinomialNB,synthetic_only,spam,spam,80
14,MultinomialNB,synthetic_only,spam,smishing,17
14,MultinomialNB,synthetic_only,smishing,ham,0
14,MultinomialNB,synthetic_only,smishing,spam,6
14,MultinomialNB,synthetic_only,smishing,smishing,120
14,MultinomialNB,combined,ham,ham,964
14,MultinomialNB,combined,ham,spam,1
14,MultinomialNB,combined,ham,smishing,2
14,MultinomialNB,combined,spam,ham,5
14,MultinomialNB,combined,spam,spam,79
14,MultinomialNB,combined,spam,smishing,13
14,MultinomialNB,combined,smishing,ham,0
14,MultinomialNB,combined,smishing,spam,5
14,MultinomialNB,combined,smishing,smishing,121
14,LogisticRegression,manual_only,ham,ham,965
14,LogisticRegression,manual_only,ham,spam,2
14,LogisticRegression,manual_only,ham,smishing,0
14,LogisticRegression,manual_only,spam,ham,9
14,LogisticRegression,manual_only,spam,spam,73
14,LogisticRegression,manual_only,spam,smishing,15
14,LogisticRegression,manual_only,smishing,ham,3
14,LogisticRegression,manual_only,smishing,spam,14
14,LogisticRegression,manual_only,smishing,smishing,109
14,LogisticRegression,synthetic_only,ham,ham,0
14,LogisticRegression,synthetic_only,ham,spam,955
14,LogisticRegression,synthetic_only,ham,smishing,12
14,LogisticRegression,synthetic_only,spam,ham,0
14,LogisticRegression,synthetic_only,spam,spam,72
14,LogisticRegression,synthetic_only,spam,smishing,25
14,LogisticRegression,synthetic_only,smishing,ham,0
14,LogisticRegression,synthetic_only,smishing,spam,5
14,LogisticRegression,synthetic_only,smishing,smishing,121
14,LogisticRegression,combined,ham,ham,963
14,LogisticRegression,combined,ham,spam,3
14,LogisticRegression,combined,ham,smishing,1
14,LogisticRegression,combined,spam,ham,5
14,LogisticRegression,combined,spam,spam,84
14,LogisticRegression,combined,spam,smishing,8
14,LogisticRegression,combined,smishing,ham,1
14,LogisticRegression,combined,smishing,spam,7
14,LogisticRegression,combined,smishing,smishing,118
14,LinearSVC,manual_only,ham,ham,965
14,LinearSVC,manual_only,ham,spam,2
14,LinearSVC,manual_only,ham,smishing,0
14,LinearSVC,manual_only,spam,ham,9
14,LinearSVC,manual_only,spam,spam,73
14,LinearSVC,manual_only,spam,smishing,15
14,LinearSVC,manual_only,smishing,ham,2
14,LinearSVC,manual_only,smishing,spam,14
14,LinearSVC,manual_only,smishing,smishing,110
14,LinearSVC,synthetic_only,ham,ham,0
14,LinearSVC,synthetic_only,ham,spam,903
14,LinearSVC,synthetic_only,ham,smishing,64
14,LinearSVC,synthetic_only,spam,ham,0
14,LinearSVC,synthetic_only,spam,spam,84
14,LinearSVC,synthetic_only,spam,smishing,13
14,LinearSVC,synthetic_only,smishing,ham,0
14,LinearSVC,synthetic_only,smishing,spam,4
14,LinearSVC,synthetic_only,smishing,smishing,122
14,LinearSVC,combined,ham,ham,965
14,LinearSVC,combined,ham,spam,2
14,LinearSVC,combined,ham,smishing,0
14,LinearSVC,combined,spam,ham,4
14,LinearSVC,combined,spam,spam,88
14,LinearSVC,combined,spam,smishing,5
14,LinearSVC,combined,smishing,ham,0
14,LinearSVC,combined,smishing,spam,4
14,LinearSVC,combined,smishing,smishing,122
15,MultinomialNB,manual_only,ham,ham,966
15,MultinomialNB,manual_only,ham,spam,0
15,MultinomialNB,manual_only,ham,smishing,1
15,MultinomialNB,manual_only,spam,ham,27
15,MultinomialNB,manual_only,spam,spam,52
15,MultinomialNB,manual_only,spam,smishing,18
15,MultinomialNB,manual_only,smishing,ham,4
15,MultinomialNB,manual_only,smishing,spam,7
15,MultinomialNB,manual_only,smishing,smishing,115
15,MultinomialNB,synthetic_only,ham,ham,0
15,MultinomialNB,synthetic_only,ham,spam,579
15,MultinomialNB,synthetic_only,ham,smishing,388
15,MultinomialNB,synthetic_only,spam,ham,0
15,MultinomialNB,synthetic_only,spam,spam,82
15,MultinomialNB,synthetic_only,spam,smishing,15
15,MultinomialNB,synthetic_only,smishing,ham,0
15,MultinomialNB,synthetic_only,smishing,spam,6
15,MultinomialNB,synthetic_only,smishing,smishing,120
15,MultinomialNB,combined,ham,ham,964
15,MultinomialNB,combined,ham,spam,1
15,MultinomialNB,combined,ham,smishing,2
15,MultinomialNB,combined,spam,ham,7
15,MultinomialNB,combined,spam,spam,76
15,MultinomialNB,combined,spam,smishing,14
15,MultinomialNB,combined,smishing,ham,0
15,MultinomialNB,combined,smishing,spam,6
15,MultinomialNB,combined,smishing,smishing,120
15,LogisticRegression,manual_only,ham,ham,963
15,LogisticRegression,manual_only,ham,spam,2
15,LogisticRegression,manual_only,ham,smishing,2
15,LogisticRegression,manual_only,spam,ham,15
15,LogisticRegression,manual_only,spam,spam,69
15,LogisticRegression,manual_only,spam,smishing,13
15,LogisticRegression,manual_only,smishing,ham,2
15,LogisticRegression,manual_only,smishing,spam,15
15,LogisticRegression,manual_only,smishing,smishing,109
15,LogisticRegression,synthetic_only,ham,ham,0
15,LogisticRegression,synthetic_only,ham,spam,955
15,LogisticRegression,synthetic_only,ham,smishing,12
15,LogisticRegression,synthetic_only,spam,ham,0
15,LogisticRegression,synthetic_only,spam,spam,78
15,LogisticRegression,synthetic_only,spam,smishing,19
15,LogisticRegression,synthetic_only,smishing,ham,0
15,LogisticRegression,synthetic_only,smishing,spam,6
15,LogisticRegression,synthetic_only,smishing,smishing,120
15,LogisticRegression,combined,ham,ham,962
15,LogisticRegression,combined,ham,spam,2
15,LogisticRegression,combined,ham,smishing,3
15,LogisticRegression,combined,spam,ham,3
15,LogisticRegression,combined,spam,spam,85
15,LogisticRegression,combined,spam,smishing,9
15,LogisticRegression,combined,smishing,ham,2
15,LogisticRegression,combined,smishing,spam,7
15,LogisticRegression,combined,smishing,smishing,117
15,LinearSVC,manual_only,ham,ham,964
15,LinearSVC,manual_only,ham,spam,2
15,LinearSVC,manual_only,ham,smishing,1
15,LinearSVC,manual_only,spam,ham,18
15,LinearSVC,manual_only,spam,spam,64
15,LinearSVC,manual_only,spam,smishing,15
15,LinearSVC,manual_only,smishing,ham,2
15,LinearSVC,manual_only,smishing,spam,13
15,LinearSVC,manual_only,smishing,smishing,111
15,LinearSVC,synthetic_only,ham,ham,0
15,LinearSVC,synthetic_only,ham,spam,905
15,LinearSVC,synthetic_only,ham,smishing,62
15,LinearSVC,synthetic_only,spam,ham,0
15,LinearSVC,synthetic_only,spam,spam,81
15,LinearSVC,synthetic_only,spam,smishing,16
15,LinearSVC,synthetic_only,smishing,ham,0
15,LinearSVC,synthetic_only,smishing,spam,5
15,LinearSVC,synthetic_only,smishing,smishing,121
15,LinearSVC,combined,ham,ham,964
15,LinearSVC,combined,ham,spam,1
15,LinearSVC,combined,ham,smishing,2
15,LinearSVC,combined,spam,ham,4
15,LinearSVC,combined,spam,spam,84
15,LinearSVC,combined,spam,smishing,9
15,LinearSVC,combined,smishing,ham,1
15,LinearSVC,combined,smishing,spam,7
15,LinearSVC,combined,smishing,smishing,118
16,MultinomialNB,manual_only,ham,ham,967
16,MultinomialNB,manual_only,ham,spam,0
16,MultinomialNB,manual_only,ham,smishing,0
16,MultinomialNB,manual_only,spam,ham,23
16,MultinomialNB,manual_only,spam,spam,58
16,MultinomialNB,manual_only,spam,smishing,16
16,MultinomialNB,manual_only,smishing,ham,7
16,MultinomialNB,manual_only,smishing,spam,10
16,MultinomialNB,manual_only,smishing,smishing,109
16,MultinomialNB,synthetic_only,ham,ham,0
16,MultinomialNB,synthetic_only,ham,spam,617
16,MultinomialNB,synthetic_only,ham,smishing,350
16,MultinomialNB,synthetic_only,spam,ham,0
16,MultinomialNB,synthetic_only,spam,spam,84
16,MultinomialNB,synthetic_only,spam,smishing,13
16,MultinomialNB,synthetic_only,smishing,ham,0
16,MultinomialNB,synthetic_only,smishing,spam,9
16,MultinomialNB,synthetic_only,smishing,smishing,117
16,MultinomialNB,combined,ham,ham,965
16,MultinomialNB,combined,ham,spam,1
16,MultinomialNB,combined,ham,smishing,1
16,MultinomialNB,combined,spam,ham,5
16,MultinomialNB,combined,spam,spam,78
16,MultinomialNB,combined,spam,smishing,14
16,MultinomialNB,combined,smishing,ham,0
16,MultinomialNB,combined,smishing,spam,11
16,MultinomialNB,combined,smishing,smishing,115
16,LogisticRegression,manual_only,ham,ham,965
16,LogisticRegression,manual_only,ham,spam,2
16,LogisticRegression,manual_only,ham,smishing,0
16,LogisticRegression,manual_only,spam,ham,10
16,LogisticRegression,manual_only,spam,spam,76
16,LogisticRegression,manual_only,spam,smishing,11
16,LogisticRegression,manual_only,smishing,ham,4
16,LogisticRegression,manual_only,smishing,spam,19
16,LogisticRegression,manual_only,smishing,smishing,103
16,LogisticRegression,synthetic_only,ham,ham,0
16,LogisticRegression,synthetic_only,ham,spam,960
16,LogisticRegression,synthetic_only,ham,smishing,7
16,LogisticRegression,synthetic_only,spam,ham,0
16,LogisticRegression,synthetic_only,spam,spam,77
16,LogisticRegression,synthetic_only,spam,smishing,20
16,LogisticRegression,synthetic_only,smishing,ham,0
16,LogisticRegression,synthetic_only,smishing,spam,9
16,LogisticRegression,synthetic_only,smishing,smishing,117
16,LogisticRegression,combined,ham,ham,964
16,LogisticRegression,combined,ham,spam,3
16,LogisticRegression,combined,ham,smishing,0
16,LogisticRegression,combined,spam,ham,1
16,LogisticRegression,combined,spam,spam,89
16,LogisticRegression,combined,spam,smishing,7
16,LogisticRegression,combined,smishing,ham,1
16,LogisticRegression,combined,smishing,spam,12
16,LogisticRegression,combined,smishing,smishing,113
16,LinearSVC,manual_only,ham,ham,967
16,LinearSVC,manual_only,ham,spam,0
16,LinearSVC,manual_only,ham,smishing,0
16,LinearSVC,manual_only,spam,ham,11
16,LinearSVC,manual_only,spam,spam,75
16,LinearSVC,manual_only,spam,smishing,11
16,LinearSVC,manual_only,smishing,ham,4
16,LinearSVC,manual_only,smishing,spam,16
16,LinearSVC,manual_only,smishing,smishing,106
16,LinearSVC,synthetic_only,ham,ham,0
16,LinearSVC,synthetic_only,ham,spam,903
16,LinearSVC,synthetic_only,ham,smishing,64
16,LinearSVC,synthetic_only,spam,ham,0
16,LinearSVC,synthetic_only,spam,spam,81
16,LinearSVC,synthetic_only,spam,smishing,16
16,LinearSVC,synthetic_only,smishing,ham,0
16,LinearSVC,synthetic_only,smishing,spam,8
16,LinearSVC,synthetic_only,smishing,smishing,118
16,LinearSVC,combined,ham,ham,966
16,LinearSVC,combined,ham,spam,1
16,LinearSVC,combined,ham,smishing,0
16,LinearSVC,combined,spam,ham,1
16,LinearSVC,combined,spam,spam,90
16,LinearSVC,combined,spam,smishing,6
16,LinearSVC,combined,smishing,ham,0
16,LinearSVC,combined,smishing,spam,10
16,LinearSVC,combined,smishing,smishing,116
17,MultinomialNB,manual_only,ham,ham,967
17,MultinomialNB,manual_only,ham,spam,0
17,MultinomialNB,manual_only,ham,smishing,0
17,MultinomialNB,manual_only,spam,ham,24
17,MultinomialNB,manual_only,spam,spam,50
17,MultinomialNB,manual_only,spam,smishing,23
17,MultinomialNB,manual_only,smishing,ham,3
17,MultinomialNB,manual_only,smishing,spam,14
17,MultinomialNB,manual_only,smishing,smishing,109
17,MultinomialNB,synthetic_only,ham,ham,0
17,MultinomialNB,synthetic_only,ham,spam,603
17,MultinomialNB,synthetic_only,ham,smishing,364
17,MultinomialNB,synthetic_only,spam,ham,0
17,MultinomialNB,synthetic_only,spam,spam,81
17,MultinomialNB,synthetic_only,spam,smishing,16
17,MultinomialNB,synthetic_only,smishing,ham,0
17,MultinomialNB,synthetic_only,smishing,spam,9
17,MultinomialNB,synthetic_only,smishing,smishing,117
17,MultinomialNB,combined,ham,ham,962
17,MultinomialNB,combined,ham,spam,3
17,MultinomialNB,combined,ham,smishing,2
17,MultinomialNB,combined,spam,ham,5
17,MultinomialNB,combined,spam,spam,76
17,MultinomialNB,combined,spam,smishing,16
17,MultinomialNB,combined,smishing,ham,1
17,MultinomialNB,combined,smishing,spam,10
17,MultinomialNB,combined,smishing,smishing,115
17,LogisticRegression,manual_only,ham,ham,964
17,LogisticRegression,manual_only,ham,spam,3
17,LogisticRegression,manual_only,ham,smishing,0
17,LogisticRegression,manual_only,spam,ham,16
17,LogisticRegression,manual_only,spam,spam,69
17,LogisticRegression,manual_only,spam,smishing,12
17,LogisticRegression,manual_only,smishing,ham,1
17,LogisticRegression,manual_only,smishing,spam,21
17,LogisticRegression,manual_only,smishing,smishing,104
17,LogisticRegression,synthetic_only,ham,ham,0
17,LogisticRegression,synthetic_only,ham,spam,961
17,LogisticRegression,synthetic_only,ham,smishing,6
17,LogisticRegression,synthetic_only,spam,ham,0
17,LogisticRegression,synthetic_only,spam,spam,77
17,LogisticRegression,synthetic_only,spam,smishing,20
17,LogisticRegression,synthetic_only,smishing,ham,0
17,LogisticRegression,synthetic_only,smishing,spam,7
17,LogisticRegression,synthetic_only,smishing,smishing,119
17,LogisticRegression,combined,ham,ham,962
17,LogisticRegression,combined,ham,spam,4
17,LogisticRegression,combined,ham,smishing,1
17,LogisticRegression,combined,spam,ham,4
17,LogisticRegression,combined,spam,spam,85
17,LogisticRegression,combined,spam,smishing,8
17,LogisticRegression,combined,smishing,ham,1
17,LogisticRegression,combined,smishing,spam,11
17,LogisticRegression,combined,smishing,smishing,114
17,LinearSVC,manual_only,ham,ham,966
17,LinearSVC,manual_only,ham,spam,1
17,LinearSVC,manual_only,ham,smishing,0
17,LinearSVC,manual_only,spam,ham,15
17,LinearSVC,manual_only,spam,spam,69
17,LinearSVC,manual_only,spam,smishing,13
17,LinearSVC,manual_only,smishing,ham,1
17,LinearSVC,manual_only,smishing,spam,21
17,LinearSVC,manual_only,smishing,smishing,104
17,LinearSVC,synthetic_only,ham,ham,0
17,LinearSVC,synthetic_only,ham,spam,909
17,LinearSVC,synthetic_only,ham,smishing,58
17,LinearSVC,synthetic_only,spam,ham,0
17,LinearSVC,synthetic_only,spam,spam,85
17,LinearSVC,synthetic_only,spam,smishing,12
17,LinearSVC,synthetic_only,smishing,ham,0
17,LinearSVC,synthetic_only,smishing,spam,5
17,LinearSVC,synthetic_only,smishing,smishing,121
17,LinearSVC,combined,ham,ham,965
17,LinearSVC,combined,ham,spam,1
17,LinearSVC,combined,ham,smishing,1
17,LinearSVC,combined,spam,ham,2
17,LinearSVC,combined,spam,spam,84
17,LinearSVC,combined,spam,smishing,11
17,LinearSVC,combined,smishing,ham,0
17,LinearSVC,combined,smishing,spam,7
17,LinearSVC,combined,smishing,smishing,119
18,MultinomialNB,manual_only,ham,ham,965
18,MultinomialNB,manual_only,ham,spam,0
18,MultinomialNB,manual_only,ham,smishing,2
18,MultinomialNB,manual_only,spam,ham,17
18,MultinomialNB,manual_only,spam,spam,49
18,MultinomialNB,manual_only,spam,smishing,31
18,MultinomialNB,manual_only,smishing,ham,3
18,MultinomialNB,manual_only,smishing,spam,6
18,MultinomialNB,manual_only,smishing,smishing,117
18,MultinomialNB,synthetic_only,ham,ham,0
18,MultinomialNB,synthetic_only,ham,spam,590
18,MultinomialNB,synthetic_only,ham,smishing,377
18,MultinomialNB,synthetic_only,spam,ham,0
18,MultinomialNB,synthetic_only,spam,spam,77
18,MultinomialNB,synthetic_only,spam,smishing,20
18,MultinomialNB,synthetic_only,smishing,ham,0
18,MultinomialNB,synthetic_only,smishing,spam,8
18,MultinomialNB,synthetic_only,smishing,smishing,118
18,MultinomialNB,combined,ham,ham,961
18,MultinomialNB,combined,ham,spam,1
18,MultinomialNB,combined,ham,smishing,5
18,MultinomialNB,combined,spam,ham,5
18,MultinomialNB,combined,spam,spam,71
18,MultinomialNB,combined,spam,smishing,21
18,MultinomialNB,combined,smishing,ham,1
18,MultinomialNB,combined,smishing,spam,8
18,MultinomialNB,combined,smishing,smishing,117
18,LogisticRegression,manual_only,ham,ham,964
18,LogisticRegression,manual_only,ham,spam,1
18,LogisticRegression,manual_only,ham,smishing,2
18,LogisticRegression,manual_only,spam,ham,7
18,LogisticRegression,manual_only,spam,spam,61
18,LogisticRegression,manual_only,spam,smishing,29
18,LogisticRegression,manual_only,smishing,ham,3
18,LogisticRegression,manual_only,smishing,spam,11
18,LogisticRegression,manual_only,smishing,smishing,112
18,LogisticRegression,synthetic_only,ham,ham,0
18,LogisticRegression,synthetic_only,ham,spam,955
18,LogisticRegression,synthetic_only,ham,smishing,12
18,LogisticRegression,synthetic_only,spam,ham,0
18,LogisticRegression,synthetic_only,spam,spam,68
18,LogisticRegression,synthetic_only,spam,smishing,29
18,LogisticRegression,synthetic_only,smishing,ham,0
18,LogisticRegression,synthetic_only,smishing,spam,6
18,LogisticRegression,synthetic_only,smishing,smishing,120
18,LogisticRegression,combined,ham,ham,962
18,LogisticRegression,combined,ham,spam,3
18,LogisticRegression,combined,ham,smishing,2
18,LogisticRegression,combined,spam,ham,3
18,LogisticRegression,combined,spam,spam,74
18,LogisticRegression,combined,spam,smishing,20
18,LogisticRegression,combined,smishing,ham,3
18,LogisticRegression,combined,smishing,spam,8
18,LogisticRegression,combined,smishing,smishing,115
18,LinearSVC,manual_only,ham,ham,964
18,LinearSVC,manual_only,ham,spam,2
18,LinearSVC,manual_only,ham,smishing,1
18,LinearSVC,manual_only,spam,ham,7
18,LinearSVC,manual_only,spam,spam,62
18,LinearSVC,manual_only,spam,smishing,28
18,LinearSVC,manual_only,smishing,ham,2
18,LinearSVC,manual_only,smishing,spam,10
18,LinearSVC,manual_only,smishing,smishing,114
18,LinearSVC,synthetic_only,ham,ham,0
18,LinearSVC,synthetic_only,ham,spam,891
18,LinearSVC,synthetic_only,ham,smishing,76
18,LinearSVC,synthetic_only,spam,ham,0
18,LinearSVC,synthetic_only,spam,spam,72
18,LinearSVC,synthetic_only,spam,smishing,25
18,LinearSVC,synthetic_only,smishing,ham,0
18,LinearSVC,synthetic_only,smishing,spam,4
18,LinearSVC,synthetic_only,smishing,smishing,122
18,LinearSVC,combined,ham,ham,964
18,LinearSVC,combined,ham,spam,1
18,LinearSVC,combined,ham,smishing,2
18,LinearSVC,combined,spam,ham,4
18,LinearSVC,combined,spam,spam,76
18,LinearSVC,combined,spam,smishing,17
18,LinearSVC,combined,smishing,ham,0
18,LinearSVC,combined,smishing,spam,8
18,LinearSVC,combined,smishing,smishing,118
19,MultinomialNB,manual_only,ham,ham,965
19,MultinomialNB,manual_only,ham,spam,0
19,MultinomialNB,manual_only,ham,smishing,2
19,MultinomialNB,manual_only,spam,ham,13
19,MultinomialNB,manual_only,spam,spam,56
19,MultinomialNB,manual_only,spam,smishing,28
19,MultinomialNB,manual_only,smishing,ham,6
19,MultinomialNB,manual_only,smishing,spam,10
19,MultinomialNB,manual_only,smishing,smishing,110
19,MultinomialNB,synthetic_only,ham,ham,0
19,MultinomialNB,synthetic_only,ham,spam,607
19,MultinomialNB,synthetic_only,ham,smishing,360
19,MultinomialNB,synthetic_only,spam,ham,0
19,MultinomialNB,synthetic_only,spam,spam,78
19,MultinomialNB,synthetic_only,spam,smishing,19
19,MultinomialNB,synthetic_only,smishing,ham,0
19,MultinomialNB,synthetic_only,smishing,spam,8
19,MultinomialNB,synthetic_only,smishing,smishing,118
19,MultinomialNB,combined,ham,ham,964
19,MultinomialNB,combined,ham,spam,0
19,MultinomialNB,combined,ham,smishing,3
19,MultinomialNB,combined,spam,ham,2
19,MultinomialNB,combined,spam,spam,77
19,MultinomialNB,combined,spam,smishing,18
19,MultinomialNB,combined,smishing,ham,1
19,MultinomialNB,combined,smishing,spam,9
19,MultinomialNB,combined,smishing,smishing,116
19,LogisticRegression,manual_only,ham,ham,965
19,LogisticRegression,manual_only,ham,spam,0
19,LogisticRegression,manual_only,ham,smishing,2
19,LogisticRegression,manual_only,spam,ham,9
19,LogisticRegression,manual_only,spam,spam,71
19,LogisticRegression,manual_only,spam,smishing,17
19,LogisticRegression,manual_only,smishing,ham,4
19,LogisticRegression,manual_only,smishing,spam,18
19,LogisticRegression,manual_only,smishing,smishing,104
19,LogisticRegression,synthetic_only,ham,ham,0
19,LogisticRegression,synthetic_only,ham,spam,955
19,LogisticRegression,synthetic_only,ham,smishing,12
19,LogisticRegression,synthetic_only,spam,ham,0
19,LogisticRegression,synthetic_only,spam,spam,68
19,LogisticRegression,synthetic_only,spam,smishing,29
19,LogisticRegression,synthetic_only,smishing,ham,0
19,LogisticRegression,synthetic_only,smishing,spam,9
19,LogisticRegression,synthetic_only,smishing,smishing,117
19,LogisticRegression,combined,ham,ham,963
19,LogisticRegression,combined,ham,spam,1
19,LogisticRegression,combined,ham,smishing,3
19,LogisticRegression,combined,spam,ham,4
19,LogisticRegression,combined,spam,spam,79
19,LogisticRegression,combined,spam,smishing,14
19,LogisticRegression,combined,smishing,ham,3
19,LogisticRegression,combined,smishing,spam,11
19,LogisticRegression,combined,smishing,smishing,112
19,LinearSVC,manual_only,ham,ham,965
19,LinearSVC,manual_only,ham,spam,1
19,LinearSVC,manual_only,ham,smishing,1
19,LinearSVC,manual_only,spam,ham,10
19,LinearSVC,manual_only,spam,spam,69
19,LinearSVC,manual_only,spam,smishing,18
19,LinearSVC,manual_only,smishing,ham,5
19,LinearSVC,manual_only,smishing,spam,16
19,LinearSVC,manual_only,smishing,smishing,105
19,LinearSVC,synthetic_only,ham,ham,0
19,LinearSVC,synthetic_only,ham,spam,879
19,LinearSVC,synthetic_only,ham,smishing,88
19,LinearSVC,synthetic_only,spam,ham,0
19,LinearSVC,synthetic_only,spam,spam,76
19,LinearSVC,synthetic_only,spam,smishing,21
19,LinearSVC,synthetic_only,smishing,ham,0
19,LinearSVC,synthetic_only,smishing,spam,8
19,LinearSVC,synthetic_only,smishing,smishing,118
19,LinearSVC,combined,ham,ham,966
19,LinearSVC,combined,ham,spam,0
19,LinearSVC,combined,ham,smishing,1
19,LinearSVC,combined,spam,ham,3
19,LinearSVC,combined,spam,spam,83
19,LinearSVC,combined,spam,smishing,11
19,LinearSVC,combined,smishing,ham,1
19,LinearSVC,combined,smishing,spam,9
19,LinearSVC,combined,smishing,smishing,116
20,MultinomialNB,manual_only,ham,ham,966
20,MultinomialNB,manual_only,ham,spam,0
20,MultinomialNB,manual_only,ham,smishing,1
20,MultinomialNB,manual_only,spam,ham,20
20,MultinomialNB,manual_only,spam,spam,56
20,MultinomialNB,manual_only,spam,smishing,21
20,MultinomialNB,manual_only,smishing,ham,3
20,MultinomialNB,manual_only,smishing,spam,16
20,MultinomialNB,manual_only,smishing,smishing,107
20,MultinomialNB,synthetic_only,ham,ham,0
20,MultinomialNB,synthetic_only,ham,spam,614
20,MultinomialNB,synthetic_only,ham,smishing,353
20,MultinomialNB,synthetic_only,spam,ham,0
20,MultinomialNB,synthetic_only,spam,spam,85
20,MultinomialNB,synthetic_only,spam,smishing,12
20,MultinomialNB,synthetic_only,smishing,ham,0
20,MultinomialNB,synthetic_only,smishing,spam,7
20,MultinomialNB,synthetic_only,smishing,smishing,119
20,MultinomialNB,combined,ham,ham,962
20,MultinomialNB,combined,ham,spam,1
20,MultinomialNB,combined,ham,smishing,4
20,MultinomialNB,combined,spam,ham,4
20,MultinomialNB,combined,spam,spam,80
20,MultinomialNB,combined,spam,smishing,13
20,MultinomialNB,combined,smishing,ham,0
20,MultinomialNB,combined,smishing,spam,9
20,MultinomialNB,combined,smishing,smishing,117
20,LogisticRegression,manual_only,ham,ham,962
20,LogisticRegression,manual_only,ham,spam,3
20,LogisticRegression,manual_only,ham,smishing,2
20,LogisticRegression,manual_only,spam,ham,9
20,LogisticRegression,manual_only,spam,spam,75
20,LogisticRegression,manual_only,spam,smishing,13
20,LogisticRegression,manual_only,smishing,ham,0
20,LogisticRegression,manual_only,smishing,spam,19
20,LogisticRegression,manual_only,smishing,smishing,107
20,LogisticRegression,synthetic_only,ham,ham,0
20,LogisticRegression,synthetic_only,ham,spam,962
20,LogisticRegression,synthetic_only,ham,smishing,5
20,LogisticRegression,synthetic_only,spam,ham,0
20,LogisticRegression,synthetic_only,spam,spam,79
20,LogisticRegression,synthetic_only,spam,smishing,18
20,LogisticRegression,synthetic_only,smishing,ham,0
20,LogisticRegression,synthetic_only,smishing,spam,4
20,LogisticRegression,synthetic_only,smishing,smishing,122
20,LogisticRegression,combined,ham,ham,959
20,LogisticRegression,combined,ham,spam,5
20,LogisticRegression,combined,ham,smishing,3
20,LogisticRegression,combined,spam,ham,1
20,LogisticRegression,combined,spam,spam,89
20,LogisticRegression,combined,spam,smishing,7
20,LogisticRegression,combined,smishing,ham,0
20,LogisticRegression,combined,smishing,spam,11
20,LogisticRegression,combined,smishing,smishing,115
20,LinearSVC,manual_only,ham,ham,965
20,LinearSVC,manual_only,ham,spam,0
20,LinearSVC,manual_only,ham,smishing,2
20,LinearSVC,manual_only,spam,ham,8
20,LinearSVC,manual_only,spam,spam,74
20,LinearSVC,manual_only,spam,smishing,15
20,LinearSVC,manual_only,smishing,ham,0
20,LinearSVC,manual_only,smishing,spam,19
20,LinearSVC,manual_only,smishing,smishing,107
20,LinearSVC,synthetic_only,ham,ham,0
20,LinearSVC,synthetic_only,ham,spam,891
20,LinearSVC,synthetic_only,ham,smishing,76
20,LinearSVC,synthetic_only,spam,ham,0
20,LinearSVC,synthetic_only,spam,spam,84
20,LinearSVC,synthetic_only,spam,smishing,13
20,LinearSVC,synthetic_only,smishing,ham,0
20,LinearSVC,synthetic_only,smishing,spam,5
20,LinearSVC,synthetic_only,smishing,smishing,121
20,LinearSVC,combined,ham,ham,964
20,LinearSVC,combined,ham,spam,2
20,LinearSVC,combined,ham,smishing,1
20,LinearSVC,combined,spam,ham,0
20,LinearSVC,combined,spam,spam,89
20,LinearSVC,combined,spam,smishing,8
20,LinearSVC,combined,smishing,ham,0
20,LinearSVC,combined,smishing,spam,10
20,LinearSVC,combined,smishing,smishing,116
21,MultinomialNB,manual_only,ham,ham,967
21,MultinomialNB,manual_only,ham,spam,0
21,MultinomialNB,manual_only,ham,smishing,0
21,MultinomialNB,manual_only,spam,ham,27
21,MultinomialNB,manual_only,spam,spam,46
21,MultinomialNB,manual_only,spam,smishing,24
21,MultinomialNB,manual_only,smishing,ham,2
21,MultinomialNB,manual_only,smishing,spam,8
21,MultinomialNB,manual_only,smishing,smishing,116
21,MultinomialNB,synthetic_only,ham,ham,0
21,MultinomialNB,synthetic_only,ham,spam,573
21,MultinomialNB,synthetic_only,ham,smishing,394
21,MultinomialNB,synthetic_only,spam,ham,0
21,MultinomialNB,synthetic_only,spam,spam,79
21,MultinomialNB,synthetic_only,spam,smishing,18
21,MultinomialNB,synthetic_only,smishing,ham,0
21,MultinomialNB,synthetic_only,smishing,spam,8
21,MultinomialNB,synthetic_only,smishing,smishing,118
21,MultinomialNB,combined,ham,ham,964
21,MultinomialNB,combined,ham,spam,0
21,MultinomialNB,combined,ham,smishing,3
21,MultinomialNB,combined,spam,ham,5
21,MultinomialNB,combined,spam,spam,77
21,MultinomialNB,combined,spam,smishing,15
21,MultinomialNB,combined,smishing,ham,1
21,MultinomialNB,combined,smishing,spam,8
21,MultinomialNB,combined,smishing,smishing,117
21,LogisticRegression,manual_only,ham,ham,964
21,LogisticRegression,manual_only,ham,spam,3
21,LogisticRegression,manual_only,ham,smishing,0
21,LogisticRegression,manual_only,spam,ham,18
21,LogisticRegression,manual_only,spam,spam,63
21,LogisticRegression,manual_only,spam,smishing,16
21,LogisticRegression,manual_only,smishing,ham,1
21,LogisticRegression,manual_only,smishing,spam,12
21,LogisticRegression,manual_only,smishing,smishing,113
21,LogisticRegression,synthetic_only,ham,ham,0
21,LogisticRegression,synthetic_only,ham,spam,959
21,LogisticRegression,synthetic_only,ham,smishing,8
21,LogisticRegression,synthetic_only,spam,ham,0
21,LogisticRegression,synthetic_only,spam,spam,74
21,LogisticRegression,synthetic_only,spam,smishing,23
21,LogisticRegression,synthetic_only,smishing,ham,0
21,LogisticRegression,synthetic_only,smishing,spam,6
21,LogisticRegression,synthetic_only,smishing,smishing,120
21,LogisticRegression,combined,ham,ham,964
21,LogisticRegression,combined,ham,spam,2
21,LogisticRegression,combined,ham,smishing,1
21,LogisticRegression,combined,spam,ham,5
21,LogisticRegression,combined,spam,spam,83
21,LogisticRegression,combined,spam,smishing,9
21,LogisticRegression,combined,smishing,ham,0
21,LogisticRegression,combined,smishing,spam,7
21,LogisticRegression,combined,smishing,smishing,119
21,LinearSVC,manual_only,ham,ham,964
21,LinearSVC,manual_only,ham,spam,2
21,LinearSVC,manual_only,ham,smishing,1
21,LinearSVC,manual_only,spam,ham,20
21,LinearSVC,manual_only,spam,spam,59
21,LinearSVC,manual_only,spam,smishing,18
21,LinearSVC,manual_only,smishing,ham,0
21,LinearSVC,manual_only,smishing,spam,11
21,LinearSVC,manual_only,smishing,smishing,115
21,LinearSVC,synthetic_only,ham,ham,0
21,LinearSVC,synthetic_only,ham,spam,890
21,LinearSVC,synthetic_only,ham,smishing,77
21,LinearSVC,synthetic_only,spam,ham,0
21,LinearSVC,synthetic_only,spam,spam,79
21,LinearSVC,synthetic_only,spam,smishing,18
21,LinearSVC,synthetic_only,smishing,ham,0
21,LinearSVC,synthetic_only,smishing,spam,5
21,LinearSVC,synthetic_only,smishing,smishing,121
21,LinearSVC,combined,ham,ham,964
21,LinearSVC,combined,ham,spam,2
21,LinearSVC,combined,ham,smishing,1
21,LinearSVC,combined,spam,ham,4
21,LinearSVC,combined,spam,spam,84
21,LinearSVC,combined,spam,smishing,9
21,LinearSVC,combined,smishing,ham,0
21,LinearSVC,combined,smishing,spam,4
21,LinearSVC,combined,smishing,smishing,122
22,MultinomialNB,manual_only,ham,ham,966
22,MultinomialNB,manual_only,ham,spam,1
22,MultinomialNB,manual_only,ham,smishing,0
22,MultinomialNB,manual_only,spam,ham,19
22,MultinomialNB,manual_only,spam,spam,58
22,MultinomialNB,manual_only,spam,smishing,20
22,MultinomialNB,manual_only,smishing,ham,9
22,MultinomialNB,manual_only,smishing,spam,8
22,MultinomialNB,manual_only,smishing,smishing,109
22,MultinomialNB,synthetic_only,ham,ham,0
22,MultinomialNB,synthetic_only,ham,spam,570
22,MultinomialNB,synthetic_only,ham,smishing,397
22,MultinomialNB,synthetic_only,spam,ham,0
22,MultinomialNB,synthetic_only,spam,spam,80
22,MultinomialNB,synthetic_only,spam,smishing,17
22,MultinomialNB,synthetic_only,smishing,ham,0
22,MultinomialNB,synthetic_only,smishing,spam,10
22,MultinomialNB,synthetic_only,smishing,smishing,116
22,MultinomialNB,combined,ham,ham,964
22,MultinomialNB,combined,ham,spam,1
22,MultinomialNB,combined,ham,smishing,2
22,MultinomialNB,combined,spam,ham,4
22,MultinomialNB,combined,spam,spam,80
22,MultinomialNB,combined,spam,smishing,13
22,MultinomialNB,combined,smishing,ham,0
22,MultinomialNB,combined,smishing,spam,11
22,MultinomialNB,combined,smishing,smishing,115
22,LogisticRegression,manual_only,ham,ham,965
22,LogisticRegression,manual_only,ham,spam,2
22,LogisticRegression,manual_only,ham,smishing,0
22,LogisticRegression,manual_only,spam,ham,14
22,LogisticRegression,manual_only,spam,spam,70
22,LogisticRegression,manual_only,spam,smishing,13
22,LogisticRegression,manual_only,smishing,ham,3
22,LogisticRegression,manual_only,smishing,spam,13
22,LogisticRegression,manual_only,smishing,smishing,110
22,LogisticRegression,synthetic_only,ham,ham,0
22,LogisticRegression,synthetic_only,ham,spam,955
22,LogisticRegression,synthetic_only,ham,smishing,12
22,LogisticRegression,synthetic_only,spam,ham,0
22,LogisticRegression,synthetic_only,spam,spam,74
22,LogisticRegression,synthetic_only,spam,smishing,23
22,LogisticRegression,synthetic_only,smishing,ham,0
22,LogisticRegression,synthetic_only,smishing,spam,10
22,LogisticRegression,synthetic_only,smishing,smishing,116
22,LogisticRegression,combined,ham,ham,964
22,LogisticRegression,combined,ham,spam,2
22,LogisticRegression,combined,ham,smishing,1
22,LogisticRegression,combined,spam,ham,4
22,LogisticRegression,combined,spam,spam,83
22,LogisticRegression,combined,spam,smishing,10
22,LogisticRegression,combined,smishing,ham,0
22,LogisticRegression,combined,smishing,spam,12
22,LogisticRegression,combined,smishing,smishing,114
22,LinearSVC,manual_only,ham,ham,966
22,LinearSVC,manual_only,ham,spam,1
22,LinearSVC,manual_only,ham,smishing,0
22,LinearSVC,manual_only,spam,ham,13
22,LinearSVC,manual_only,spam,spam,70
22,LinearSVC,manual_only,spam,smishing,14
22,LinearSVC,manual_only,smishing,ham,3
22,LinearSVC,manual_only,smishing,spam,11
22,LinearSVC,manual_only,smishing,smishing,112
22,LinearSVC,synthetic_only,ham,ham,0
22,LinearSVC,synthetic_only,ham,spam,881
22,LinearSVC,synthetic_only,ham,smishing,86
22,LinearSVC,synthetic_only,spam,ham,0
22,LinearSVC,synthetic_only,spam,spam,78
22,LinearSVC,synthetic_only,spam,smishing,19
22,LinearSVC,synthetic_only,smishing,ham,0
22,LinearSVC,synthetic_only,smishing,spam,7
22,LinearSVC,synthetic_only,smishing,smishing,119
22,LinearSVC,combined,ham,ham,966
22,LinearSVC,combined,ham,spam,1
22,LinearSVC,combined,ham,smishing,0
22,LinearSVC,combined,spam,ham,2
22,LinearSVC,combined,spam,spam,84
22,LinearSVC,combined,spam,smishing,11
22,LinearSVC,combined,smishing,ham,0
22,LinearSVC,combined,smishing,spam,10
22,LinearSVC,combined,smishing,smishing,116
23,MultinomialNB,manual_only,ham,ham,967
23,MultinomialNB,manual_only,ham,spam,0
23,MultinomialNB,manual_only,ham,smishing,0
23,MultinomialNB,manual_only,spam,ham,19
23,MultinomialNB,manual_only,spam,spam,54
23,MultinomialNB,manual_only,spam,smishing,24
23,MultinomialNB,manual_only,smishing,ham,4
23,MultinomialNB,manual_only,smishing,spam,9
23,MultinomialNB,manual_only,smishing,smishing,113
23,MultinomialNB,synthetic_only,ham,ham,0
23,MultinomialNB,synthetic_only,ham,spam,601
23,MultinomialNB,synthetic_only,ham,smishing,366
23,MultinomialNB,synthetic_only,spam,ham,0
23,MultinomialNB,synthetic_only,spam,spam,80
23,MultinomialNB,synthetic_only,spam,smishing,17
23,MultinomialNB,synthetic_only,smishing,ham,0
23,MultinomialNB,synthetic_only,smishing,spam,4
23,MultinomialNB,synthetic_only,smishing,smishing,122
23,MultinomialNB,combined,ham,ham,963
23,MultinomialNB,combined,ham,spam,3
23,MultinomialNB,combined,ham,smishing,1
23,MultinomialNB,combined,spam,ham,7
23,MultinomialNB,combined,spam,spam,75
23,MultinomialNB,combined,spam,smishing,15
23,MultinomialNB,combined,smishing,ham,0
23,MultinomialNB,combined,smishing,spam,6
23,MultinomialNB,combined,smishing,smishing,120
23,LogisticRegression,manual_only,ham,ham,965
23,LogisticRegression,manual_only,ham,spam,2
23,LogisticRegression,manual_only,ham,smishing,0
23,LogisticRegression,manual_only,spam,ham,16
23,LogisticRegression,manual_only,spam,spam,68
23,LogisticRegression,manual_only,spam,smishing,13
23,LogisticRegression,manual_only,smishing,ham,5
23,LogisticRegression,manual_only,smishing,spam,12
23,LogisticRegression,manual_only,smishing,smishing,109
23,LogisticRegression,synthetic_only,ham,ham,0
23,LogisticRegression,synthetic_only,ham,spam,956
23,LogisticRegression,synthetic_only,ham,smishing,11
23,LogisticRegression,synthetic_only,spam,ham,0
23,LogisticRegression,synthetic_only,spam,spam,75
23,LogisticRegression,synthetic_only,spam,smishing,22
23,LogisticRegression,synthetic_only,smishing,ham,0
23,LogisticRegression,synthetic_only,smishing,spam,5
23,LogisticRegression,synthetic_only,smishing,smishing,121
23,LogisticRegression,combined,ham,ham,964
23,LogisticRegression,combined,ham,spam,3
23,LogisticRegression,combined,ham,smishing,0
23,LogisticRegression,combined,spam,ham,5
23,LogisticRegression,combined,spam,spam,83
23,LogisticRegression,combined,spam,smishing,9
23,LogisticRegression,combined,smishing,ham,3
23,LogisticRegression,combined,smishing,spam,5
23,LogisticRegression,combined,smishing,smishing,118
23,LinearSVC,manual_only,ham,ham,966
23,LinearSVC,manual_only,ham,spam,1
23,LinearSVC,manual_only,ham,smishing,0
23,LinearSVC,manual_only,spam,ham,15
23,LinearSVC,manual_only,spam,spam,68
23,LinearSVC,manual_only,spam,smishing,14
23,LinearSVC,manual_only,smishing,ham,4
23,LinearSVC,manual_only,smishing,spam,11
23,LinearSVC,manual_only,smishing,smishing,111
23,LinearSVC,synthetic_only,ham,ham,0
23,LinearSVC,synthetic_only,ham,spam,888
23,LinearSVC,synthetic_only,ham,smishing,79
23,LinearSVC,synthetic_only,spam,ham,0
23,LinearSVC,synthetic_only,spam,spam,84
23,LinearSVC,synthetic_only,spam,smishing,13
23,LinearSVC,synthetic_only,smishing,ham,0
23,LinearSVC,synthetic_only,smishing,spam,4
23,LinearSVC,synthetic_only,smishing,smishing,122
23,LinearSVC,combined,ham,ham,966
23,LinearSVC,combined,ham,spam,1
23,LinearSVC,combined,ham,smishing,0
23,LinearSVC,combined,spam,ham,3
23,LinearSVC,combined,spam,spam,86
23,LinearSVC,combined,spam,smishing,8
23,LinearSVC,combined,smishing,ham,1
23,LinearSVC,combined,smishing,spam,4
23,LinearSVC,combined,smishing,smishing,121
24,MultinomialNB,manual_only,ham,ham,967
24,MultinomialNB,manual_only,ham,spam,0
24,MultinomialNB,manual_only,ham,smishing,0
24,MultinomialNB,manual_only,spam,ham,24
24,MultinomialNB,manual_only,spam,spam,50
24,MultinomialNB,manual_only,spam,smishing,23
24,MultinomialNB,manual_only,smishing,ham,10
24,MultinomialNB,manual_only,smishing,spam,11
24,MultinomialNB,manual_only,smishing,smishing,105
24,MultinomialNB,synthetic_only,ham,ham,0
24,MultinomialNB,synthetic_only,ham,spam,597
24,MultinomialNB,synthetic_only,ham,smishing,370
24,MultinomialNB,synthetic_only,spam,ham,0
24,MultinomialNB,synthetic_only,spam,spam,80
24,MultinomialNB,synthetic_only,spam,smishing,17
24,MultinomialNB,synthetic_only,smishing,ham,0
24,MultinomialNB,synthetic_only,smishing,spam,8
24,MultinomialNB,synthetic_only,smishing,smishing,118
24,MultinomialNB,combined,ham,ham,965
24,MultinomialNB,combined,ham,spam,0
24,MultinomialNB,combined,ham,smishing,2
24,MultinomialNB,combined,spam,ham,9
24,MultinomialNB,combined,spam,spam,75
24,MultinomialNB,combined,spam,smishing,13
24,MultinomialNB,combined,smishing,ham,1
24,MultinomialNB,combined,smishing,spam,10
24,MultinomialNB,combined,smishing,smishing,115
24,LogisticRegression,manual_only,ham,ham,966
24,LogisticRegression,manual_only,ham,spam,1
24,LogisticRegression,manual_only,ham,smishing,0
24,LogisticRegression,manual_only,spam,ham,17
24,LogisticRegression,manual_only,spam,spam,70
24,LogisticRegression,manual_only,spam,smishing,10
24,LogisticRegression,manual_only,smishing,ham,5
24,LogisticRegression,manual_only,smishing,spam,16
24,LogisticRegression,manual_only,smishing,smishing,105
24,LogisticRegression,synthetic_only,ham,ham,0
24,LogisticRegression,synthetic_only,ham,spam,956
24,LogisticRegression,synthetic_only,ham,smishing,11
24,LogisticRegression,synthetic_only,spam,ham,0
24,LogisticRegression,synthetic_only,spam,spam,78
24,LogisticRegression,synthetic_only,spam,smishing,19
24,LogisticRegression,synthetic_only,smishing,ham,0
24,LogisticRegression,synthetic_only,smishing,spam,7
24,LogisticRegression,synthetic_only,smishing,smishing,119
24,LogisticRegression,combined,ham,ham,966
24,LogisticRegression,combined,ham,spam,0
24,LogisticRegression,combined,ham,smishing,1
24,LogisticRegression,combined,spam,ham,3
24,LogisticRegression,combined,spam,spam,87
24,LogisticRegression,combined,spam,smishing,7
24,LogisticRegression,combined,smishing,ham,2
24,LogisticRegression,combined,smishing,spam,6
24,LogisticRegression,combined,smishing,smishing,118
24,LinearSVC,manual_only,ham,ham,966
24,LinearSVC,manual_only,ham,spam,0
24,LinearSVC,manual_only,ham,smishing,1
24,LinearSVC,manual_only,spam,ham,18
24,LinearSVC,manual_only,spam,spam,64
24,LinearSVC,manual_only,spam,smishing,15
24,LinearSVC,manual_only,smishing,ham,3
24,LinearSVC,manual_only,smishing,spam,15
24,LinearSVC,manual_only,smishing,smishing,108
24,LinearSVC,synthetic_only,ham,ham,0
24,LinearSVC,synthetic_only,ham,spam,901
24,LinearSVC,synthetic_only,ham,smishing,66
24,LinearSVC,synthetic_only,spam,ham,0
24,LinearSVC,synthetic_only,spam,spam,87
24,LinearSVC,synthetic_only,spam,smishing,10
24,LinearSVC,synthetic_only,smishing,ham,0
24,LinearSVC,synthetic_only,smishing,spam,3
24,LinearSVC,synthetic_only,smishing,smishing,123
24,LinearSVC,combined,ham,ham,966
24,LinearSVC,combined,ham,spam,0
24,LinearSVC,combined,ham,smishing,1
24,LinearSVC,combined,spam,ham,4
24,LinearSVC,combined,spam,spam,84
24,LinearSVC,combined,spam,smishing,9
24,LinearSVC,combined,smishing,ham,1
24,LinearSVC,combined,smishing,spam,3
24,LinearSVC,combined,smishing,smishing,122
25,MultinomialNB,manual_only,ham,ham,966
25,MultinomialNB,manual_only,ham,spam,0
25,MultinomialNB,manual_only,ham,smishing,1
25,MultinomialNB,manual_only,spam,ham,24
25,MultinomialNB,manual_only,spam,spam,53
25,MultinomialNB,manual_only,spam,smishing,20
25,MultinomialNB,manual_only,smishing,ham,7
25,MultinomialNB,manual_only,smishing,spam,8
25,MultinomialNB,manual_only,smishing,smishing,111
25,MultinomialNB,synthetic_only,ham,ham,0
25,MultinomialNB,synthetic_only,ham,spam,602
25,MultinomialNB,synthetic_only,ham,smishing,365
25,MultinomialNB,synthetic_only,spam,ham,0
25,MultinomialNB,synthetic_only,spam,spam,80
25,MultinomialNB,synthetic_only,spam,smishing,17
25,MultinomialNB,synthetic_only,smishing,ham,0
25,MultinomialNB,synthetic_only,smishing,spam,7
25,MultinomialNB,synthetic_only,smishing,smishing,119
25,MultinomialNB,combined,ham,ham,959
25,MultinomialNB,combined,ham,spam,1
25,MultinomialNB,combined,ham,smishing,7
25,MultinomialNB,combined,spam,ham,7
25,MultinomialNB,combined,spam,spam,76
25,MultinomialNB,combined,spam,smishing,14
25,MultinomialNB,combined,smishing,ham,2
25,MultinomialNB,combined,smishing,spam,7
25,MultinomialNB,combined,smishing,smishing,117
25,LogisticRegression,manual_only,ham,ham,964
25,LogisticRegression,manual_only,ham,spam,2
25,LogisticRegression,manual_only,ham,smishing,1
25,LogisticRegression,manual_only,spam,ham,22
25,LogisticRegression,manual_only,spam,spam,66
25,LogisticRegression,manual_only,spam,smishing,9
25,LogisticRegression,manual_only,smishing,ham,4
25,LogisticRegression,manual_only,smishing,spam,16
25,LogisticRegression,manual_only,smishing,smishing,106
25,LogisticRegression,synthetic_only,ham,ham,0
25,LogisticRegression,synthetic_only,ham,spam,952
25,LogisticRegression,synthetic_only,ham,smishing,15
25,LogisticRegression,synthetic_only,spam,ham,0
25,LogisticRegression,synthetic_only,spam,spam,76
25,LogisticRegression,synthetic_only,spam,smishing,21
25,LogisticRegression,synthetic_only,smishing,ham,0
25,LogisticRegression,synthetic_only,smishing,spam,8
25,LogisticRegression,synthetic_only,smishing,smishing,118
25,LogisticRegression,combined,ham,ham,961
25,LogisticRegression,combined,ham,spam,3
25,LogisticRegression,combined,ham,smishing,3
25,LogisticRegression,combined,spam,ham,6
25,LogisticRegression,combined,spam,spam,82
25,LogisticRegression,combined,spam,smishing,9
25,LogisticRegression,combined,smishing,ham,4
25,LogisticRegression,combined,smishing,spam,8
25,LogisticRegression,combined,smishing,smishing,114
25,LinearSVC,manual_only,ham,ham,964
25,LinearSVC,manual_only,ham,spam,2
25,LinearSVC,manual_only,ham,smishing,1
25,LinearSVC,manual_only,spam,ham,22
25,LinearSVC,manual_only,spam,spam,65
25,LinearSVC,manual_only,spam,smishing,10
25,LinearSVC,manual_only,smishing,ham,3
25,LinearSVC,manual_only,smishing,spam,15
25,LinearSVC,manual_only,smishing,smishing,108
25,LinearSVC,synthetic_only,ham,ham,0
25,LinearSVC,synthetic_only,ham,spam,869
25,LinearSVC,synthetic_only,ham,smishing,98
25,LinearSVC,synthetic_only,spam,ham,0
25,LinearSVC,synthetic_only,spam,spam,81
25,LinearSVC,synthetic_only,spam,smishing,16
25,LinearSVC,synthetic_only,smishing,ham,0
25,LinearSVC,synthetic_only,smishing,spam,5
25,LinearSVC,synthetic_only,smishing,smishing,121
25,LinearSVC,combined,ham,ham,964
25,LinearSVC,combined,ham,spam,2
25,LinearSVC,combined,ham,smishing,1
25,LinearSVC,combined,spam,ham,5
25,LinearSVC,combined,spam,spam,85
25,LinearSVC,combined,spam,smishing,7
25,LinearSVC,combined,smishing,ham,0
25,LinearSVC,combined,smishing,spam,7
25,LinearSVC,combined,smishing,smishing,119
26,MultinomialNB,manual_only,ham,ham,967
26,MultinomialNB,manual_only,ham,spam,0
26,MultinomialNB,manual_only,ham,smishing,0
26,MultinomialNB,manual_only,spam,ham,21
26,MultinomialNB,manual_only,spam,spam,40
26,MultinomialNB,manual_only,spam,smishing,36
26,MultinomialNB,manual_only,smishing,ham,5
26,MultinomialNB,manual_only,smishing,spam,4
26,MultinomialNB,manual_only,smishing,smishing,117
26,MultinomialNB,synthetic_only,ham,ham,0
26,MultinomialNB,synthetic_only,ham,spam,587
26,MultinomialNB,synthetic_only,ham,smishing,380
26,MultinomialNB,synthetic_only,spam,ham,0
26,MultinomialNB,synthetic_only,spam,spam,75
26,MultinomialNB,synthetic_only,spam,smishing,22
26,MultinomialNB,synthetic_only,smishing,ham,0
26,MultinomialNB,synthetic_only,smishing,spam,3
26,MultinomialNB,synthetic_only,smishing,smishing,123
26,MultinomialNB,combined,ham,ham,964
26,MultinomialNB,combined,ham,spam,0
26,MultinomialNB,combined,ham,smishing,3
26,MultinomialNB,combined,spam,ham,2
26,MultinomialNB,combined,spam,spam,73
26,MultinomialNB,combined,spam,smishing,22
26,MultinomialNB,combined,smishing,ham,0
26,MultinomialNB,combined,smishing,spam,5
26,MultinomialNB,combined,smishing,smishing,121
26,LogisticRegression,manual_only,ham,ham,963
26,LogisticRegression,manual_only,ham,spam,3
26,LogisticRegression,manual_only,ham,smishing,1
26,LogisticRegression,manual_only,spam,ham,15
26,LogisticRegression,manual_only,spam,spam,63
26,LogisticRegression,manual_only,spam,smishing,19
26,LogisticRegression,manual_only,smishing,ham,1
26,LogisticRegression,manual_only,smishing,spam,17
26,LogisticRegression,manual_only,smishing,smishing,108
26,LogisticRegression,synthetic_only,ham,ham,0
26,LogisticRegression,synthetic_only,ham,spam,955
26,LogisticRegression,synthetic_only,ham,smishing,12
26,LogisticRegression,synthetic_only,spam,ham,0
26,LogisticRegression,synthetic_only,spam,spam,66
26,LogisticRegression,synthetic_only,spam,smishing,31
26,LogisticRegression,synthetic_only,smishing,ham,0
26,LogisticRegression,synthetic_only,smishing,spam,5
26,LogisticRegression,synthetic_only,smishing,smishing,121
26,LogisticRegression,combined,ham,ham,963
26,LogisticRegression,combined,ham,spam,2
26,LogisticRegression,combined,ham,smishing,2
26,LogisticRegression,combined,spam,ham,2
26,LogisticRegression,combined,spam,spam,82
26,LogisticRegression,combined,spam,smishing,13
26,LogisticRegression,combined,smishing,ham,1
26,LogisticRegression,combined,smishing,spam,5
26,LogisticRegression,combined,smishing,smishing,120
26,LinearSVC,manual_only,ham,ham,965
26,LinearSVC,manual_only,ham,spam,0
26,LinearSVC,manual_only,ham,smishing,2
26,LinearSVC,manual_only,spam,ham,17
26,LinearSVC,manual_only,spam,spam,60
26,LinearSVC,manual_only,spam,smishing,20
26,LinearSVC,manual_only,smishing,ham,2
26,LinearSVC,manual_only,smishing,spam,16
26,LinearSVC,manual_only,smishing,smishing,108
26,LinearSVC,synthetic_only,ham,ham,0
26,LinearSVC,synthetic_only,ham,spam,886
26,LinearSVC,synthetic_only,ham,smishing,81
26,LinearSVC,synthetic_only,spam,ham,0
26,LinearSVC,synthetic_only,spam,spam,75
26,LinearSVC,synthetic_only,spam,smishing,22
26,LinearSVC,synthetic_only,smishing,ham,0
26,LinearSVC,synthetic_only,smishing,spam,4
26,LinearSVC,synthetic_only,smishing,smishing,122
26,LinearSVC,combined,ham,ham,964
26,LinearSVC,combined,ham,spam,2
26,LinearSVC,combined,ham,smishing,1
26,LinearSVC,combined,spam,ham,3
26,LinearSVC,combined,spam,spam,82
26,LinearSVC,combined,spam,smishing,12
26,LinearSVC,combined,smishing,ham,1
26,LinearSVC,combined,smishing,spam,4
26,LinearSVC,combined,smishing,smishing,121
27,MultinomialNB,manual_only,ham,ham,967
27,MultinomialNB,manual_only,ham,spam,0
27,MultinomialNB,manual_only,ham,smishing,0
27,MultinomialNB,manual_only,spam,ham,24
27,MultinomialNB,manual_only,spam,spam,55
27,MultinomialNB,manual_only,spam,smishing,18
27,MultinomialNB,manual_only,smishing,ham,3
27,MultinomialNB,manual_only,smishing,spam,19
27,MultinomialNB,manual_only,smishing,smishing,104
27,MultinomialNB,synthetic_only,ham,ham,0
27,MultinomialNB,synthetic_only,ham,spam,604
27,MultinomialNB,synthetic_only,ham,smishing,363
27,MultinomialNB,synthetic_only,spam,ham,0
27,MultinomialNB,synthetic_only,spam,spam,82
27,MultinomialNB,synthetic_only,spam,smishing,15
27,MultinomialNB,synthetic_only,smishing,ham,0
27,MultinomialNB,synthetic_only,smishing,spam,14
27,MultinomialNB,synthetic_only,smishing,smishing,112
27,MultinomialNB,combined,ham,ham,962
27,MultinomialNB,combined,ham,spam,0
27,MultinomialNB,combined,ham,smishing,5
27,MultinomialNB,combined,spam,ham,3
27,MultinomialNB,combined,spam,spam,83
27,MultinomialNB,combined,spam,smishing,11
27,MultinomialNB,combined,smishing,ham,0
27,MultinomialNB,combined,smishing,spam,14
27,MultinomialNB,combined,smishing,smishing,112
27,LogisticRegression,manual_only,ham,ham,964
27,LogisticRegression,manual_only,ham,spam,2
27,LogisticRegression,manual_only,ham,smishing,1
27,LogisticRegression,manual_only,spam,ham,13
27,LogisticRegression,manual_only,spam,spam,77
27,LogisticRegression,manual_only,spam,smishing,7
27,LogisticRegression,manual_only,smishing,ham,3
27,LogisticRegression,manual_only,smishing,spam,25
27,LogisticRegression,manual_only,smishing,smishing,98
27,LogisticRegression,synthetic_only,ham,ham,0
27,LogisticRegression,synthetic_only,ham,spam,954
27,LogisticRegression,synthetic_only,ham,smishing,13
27,LogisticRegression,synthetic_only,spam,ham,0
27,LogisticRegression,synthetic_only,spam,spam,79
27,LogisticRegression,synthetic_only,spam,smishing,18
27,LogisticRegression,synthetic_only,smishing,ham,0
27,LogisticRegression,synthetic_only,smishing,spam,9
27,LogisticRegression,synthetic_only,smishing,smishing,117
27,LogisticRegression,combined,ham,ham,964
27,LogisticRegression,combined,ham,spam,2
27,LogisticRegression,combined,ham,smishing,1
27,LogisticRegression,combined,spam,ham,4
27,LogisticRegression,combined,spam,spam,86
27,LogisticRegression,combined,spam,smishing,7
27,LogisticRegression,combined,smishing,ham,2
27,LogisticRegression,combined,smishing,spam,14
27,LogisticRegression,combined,smishing,smishing,110
27,LinearSVC,manual_only,ham,ham,965
27,LinearSVC,manual_only,ham,spam,1
27,LinearSVC,manual_only,ham,smishing,1
27,LinearSVC,manual_only,spam,ham,12
27,LinearSVC,manual_only,spam,spam,76
27,LinearSVC,manual_only,spam,smishing,9
27,LinearSVC,manual_only,smishing,ham,2
27,LinearSVC,manual_only,smishing,spam,26
27,LinearSVC,manual_only,smishing,smishing,98
27,LinearSVC,synthetic_only,ham,ham,0
27,LinearSVC,synthetic_only,ham,spam,893
27,LinearSVC,synthetic_only,ham,smishing,74
27,LinearSVC,synthetic_only,spam,ham,0
27,LinearSVC,synthetic_only,spam,spam,83
27,LinearSVC,synthetic_only,spam,smishing,14
27,LinearSVC,synthetic_only,smishing,ham,0
27,LinearSVC,synthetic_only,smishing,spam,6
27,LinearSVC,synthetic_only,smishing,smishing,120
27,LinearSVC,combined,ham,ham,967
27,LinearSVC,combined,ham,spam,0
27,LinearSVC,combined,ham,smishing,0
27,LinearSVC,combined,spam,ham,4
27,LinearSVC,combined,spam,spam,88
27,LinearSVC,combined,spam,smishing,5
27,LinearSVC,combined,smishing,ham,1
27,LinearSVC,combined,smishing,spam,11
27,LinearSVC,combined,smishing,smishing,114
28,MultinomialNB,manual_only,ham,ham,967
28,MultinomialNB,manual_only,ham,spam,0
28,MultinomialNB,manual_only,ham,smishing,0
28,MultinomialNB,manual_only,spam,ham,25
28,MultinomialNB,manual_only,spam,spam,48
28,MultinomialNB,manual_only,spam,smishing,24
28,MultinomialNB,manual_only,smishing,ham,5
28,MultinomialNB,manual_only,smishing,spam,9
28,MultinomialNB,manual_only,smishing,smishing,112
28,MultinomialNB,synthetic_only,ham,ham,0
28,MultinomialNB,synthetic_only,ham,spam,611
28,MultinomialNB,synthetic_only,ham,smishing,356
28,MultinomialNB,synthetic_only,spam,ham,0
28,MultinomialNB,synthetic_only,spam,spam,81
28,MultinomialNB,synthetic_only,spam,smishing,16
28,MultinomialNB,synthetic_only,smishing,ham,0
28,MultinomialNB,synthetic_only,smishing,spam,8
28,MultinomialNB,synthetic_only,smishing,smishing,118
28,MultinomialNB,combined,ham,ham,961
28,MultinomialNB,combined,ham,spam,1
28,MultinomialNB,combined,ham,smishing,5
28,MultinomialNB,combined,spam,ham,7
28,MultinomialNB,combined,spam,spam,74
28,MultinomialNB,combined,spam,smishing,16
28,MultinomialNB,combined,smishing,ham,0
28,MultinomialNB,combined,smishing,spam,8
28,MultinomialNB,combined,smishing,smishing,118
28,LogisticRegression,manual_only,ham,ham,964
28,LogisticRegression,manual_only,ham,spam,3
28,LogisticRegression,manual_only,ham,smishing,0
28,LogisticRegression,manual_only,spam,ham,15
28,LogisticRegression,manual_only,spam,spam,71
28,LogisticRegression,manual_only,spam,smishing,11
28,LogisticRegression,manual_only,smishing,ham,3
28,LogisticRegression,manual_only,smishing,spam,14
28,LogisticRegression,manual_only,smishing,smishing,109
28,LogisticRegression,synthetic_only,ham,ham,0
28,LogisticRegression,synthetic_only,ham,spam,955
28,LogisticRegression,synthetic_only,ham,smishing,12
28,LogisticRegression,synthetic_only,spam,ham,0
28,LogisticRegression,synthetic_only,spam,spam,75
28,LogisticRegression,synthetic_only,spam,smishing,22
28,LogisticRegression,synthetic_only,smishing,ham,0
28,LogisticRegression,synthetic_only,smishing,spam,7
28,LogisticRegression,synthetic_only,smishing,smishing,119
28,LogisticRegression,combined,ham,ham,962
28,LogisticRegression,combined,ham,spam,4
28,LogisticRegression,combined,ham,smishing,1
28,LogisticRegression,combined,spam,ham,7
28,LogisticRegression,combined,spam,spam,81
28,LogisticRegression,combined,spam,smishing,9
28,LogisticRegression,combined,smishing,ham,2
28,LogisticRegression,combined,smishing,spam,9
28,LogisticRegression,combined,smishing,smishing,115
28,LinearSVC,manual_only,ham,ham,965
28,LinearSVC,manual_only,ham,spam,2
28,LinearSVC,manual_only,ham,smishing,0
28,LinearSVC,manual_only,spam,ham,15
28,LinearSVC,manual_only,spam,spam,67
28,LinearSVC,manual_only,spam,smishing,15
28,LinearSVC,manual_only,smishing,ham,3
28,LinearSVC,manual_only,smishing,spam,12
28,LinearSVC,manual_only,smishing,smishing,111
28,LinearSVC,synthetic_only,ham,ham,0
28,LinearSVC,synthetic_only,ham,spam,892
28,LinearSVC,synthetic_only,ham,smishing,75
28,LinearSVC,synthetic_only,spam,ham,0
28,LinearSVC,synthetic_only,spam,spam,81
28,LinearSVC,synthetic_only,spam,smishing,16
28,LinearSVC,synthetic_only,smishing,ham,0
28,LinearSVC,synthetic_only,smishing,spam,4
28,LinearSVC,synthetic_only,smishing,smishing,122
28,LinearSVC,combined,ham,ham,966
28,LinearSVC,combined,ham,spam,0
28,LinearSVC,combined,ham,smishing,1
28,LinearSVC,combined,spam,ham,6
28,LinearSVC,combined,spam,spam,85
28,LinearSVC,combined,spam,smishing,6
28,LinearSVC,combined,smishing,ham,1
28,LinearSVC,combined,smishing,spam,8
28,LinearSVC,combined,smishing,smishing,117
29,MultinomialNB,manual_only,ham,ham,967
29,MultinomialNB,manual_only,ham,spam,0
29,MultinomialNB,manual_only,ham,smishing,0
29,MultinomialNB,manual_only,spam,ham,14
29,MultinomialNB,manual_only,spam,spam,52
29,MultinomialNB,manual_only,spam,smishing,31
29,MultinomialNB,manual_only,smishing,ham,6
29,MultinomialNB,manual_only,smishing,spam,8
29,MultinomialNB,manual_only,smishing,smishing,112
29,MultinomialNB,synthetic_only,ham,ham,0
29,MultinomialNB,synthetic_only,ham,spam,601
29,MultinomialNB,synthetic_only,ham,smishing,366
29,MultinomialNB,synthetic_only,spam,ham,0
29,MultinomialNB,synthetic_only,spam,spam,78
29,MultinomialNB,synthetic_only,spam,smishing,19
29,MultinomialNB,synthetic_only,smishing,ham,0
29,MultinomialNB,synthetic_only,smishing,spam,10
29,MultinomialNB,synthetic_only,smishing,smishing,116
29,MultinomialNB,combined,ham,ham,962
29,MultinomialNB,combined,ham,spam,1
29,MultinomialNB,combined,ham,smishing,4
29,MultinomialNB,combined,spam,ham,6
29,MultinomialNB,combined,spam,spam,72
29,MultinomialNB,combined,spam,smishing,19
29,MultinomialNB,combined,smishing,ham,0
29,MultinomialNB,combined,smishing,spam,11
29,MultinomialNB,combined,smishing,smishing,115
29,LogisticRegression,manual_only,ham,ham,961
29,LogisticRegression,manual_only,ham,spam,4
29,LogisticRegression,manual_only,ham,smishing,2
29,LogisticRegression,manual_only,spam,ham,7
29,LogisticRegression,manual_only,spam,spam,75
29,LogisticRegression,manual_only,spam,smishing,15
29,LogisticRegression,manual_only,smishing,ham,5
29,LogisticRegression,manual_only,smishing,spam,11
29,LogisticRegression,manual_only,smishing,smishing,110
29,LogisticRegression,synthetic_only,ham,ham,0
29,LogisticRegression,synthetic_only,ham,spam,957
29,LogisticRegression,synthetic_only,ham,smishing,10
29,LogisticRegression,synthetic_only,spam,ham,0
29,LogisticRegression,synthetic_only,spam,spam,73
29,LogisticRegression,synthetic_only,spam,smishing,24
29,LogisticRegression,synthetic_only,smishing,ham,0
29,LogisticRegression,synthetic_only,smishing,spam,7
29,LogisticRegression,synthetic_only,smishing,smishing,119
29,LogisticRegression,combined,ham,ham,958
29,LogisticRegression,combined,ham,spam,6
29,LogisticRegression,combined,ham,smishing,3
29,LogisticRegression,combined,spam,ham,2
29,LogisticRegression,combined,spam,spam,86
29,LogisticRegression,combined,spam,smishing,9
29,LogisticRegression,combined,smishing,ham,1
29,LogisticRegression,combined,smishing,spam,11
29,LogisticRegression,combined,smishing,smishing,114
29,LinearSVC,manual_only,ham,ham,963
29,LinearSVC,manual_only,ham,spam,2
29,LinearSVC,manual_only,ham,smishing,2
29,LinearSVC,manual_only,spam,ham,7
29,LinearSVC,manual_only,spam,spam,74
29,LinearSVC,manual_only,spam,smishing,16
29,LinearSVC,manual_only,smishing,ham,2
29,LinearSVC,manual_only,smishing,spam,11
29,LinearSVC,manual_only,smishing,smishing,113
29,LinearSVC,synthetic_only,ham,ham,0
29,LinearSVC,synthetic_only,ham,spam,897
29,LinearSVC,synthetic_only,ham,smishing,70
29,LinearSVC,synthetic_only,spam,ham,0
29,LinearSVC,synthetic_only,spam,spam,83
29,LinearSVC,synthetic_only,spam,smishing,14
29,LinearSVC,synthetic_only,smishing,ham,0
29,LinearSVC,synthetic_only,smishing,spam,7
29,LinearSVC,synthetic_only,smishing,smishing,119
29,LinearSVC,combined,ham,ham,962
29,LinearSVC,combined,ham,spam,3
29,LinearSVC,combined,ham,smishing,2
29,LinearSVC,combined,spam,ham,1
29,LinearSVC,combined,spam,spam,88
29,LinearSVC,combined,spam,smishing,8
29,LinearSVC,combined,smishing,ham,0
29,LinearSVC,combined,smishing,spam,9
29,LinearSVC,combined,smishing,smishing,117
30,MultinomialNB,manual_only,ham,ham,966
30,MultinomialNB,manual_only,ham,spam,1
30,MultinomialNB,manual_only,ham,smishing,0
30,MultinomialNB,manual_only,spam,ham,27
30,MultinomialNB,manual_only,spam,spam,54
30,MultinomialNB,manual_only,spam,smishing,16
30,MultinomialNB,manual_only,smishing,ham,2
30,MultinomialNB,manual_only,smishing,spam,11
30,MultinomialNB,manual_only,smishing,smishing,113
30,MultinomialNB,synthetic_only,ham,ham,0
30,MultinomialNB,synthetic_only,ham,spam,589
30,MultinomialNB,synthetic_only,ham,smishing,378
30,MultinomialNB,synthetic_only,spam,ham,0
30,MultinomialNB,synthetic_only,spam,spam,87
30,MultinomialNB,synthetic_only,spam,smishing,10
30,MultinomialNB,synthetic_only,smishing,ham,0
30,MultinomialNB,synthetic_only,smishing,spam,11
30,MultinomialNB,synthetic_only,smishing,smishing,115
30,MultinomialNB,combined,ham,ham,962
30,MultinomialNB,combined,ham,spam,1
30,MultinomialNB,combined,ham,smishing,4
30,MultinomialNB,combined,spam,ham,13
30,MultinomialNB,combined,spam,spam,77
30,MultinomialNB,combined,spam,smishing,7
30,MultinomialNB,combined,smishing,ham,0
30,MultinomialNB,combined,smishing,spam,11
30,MultinomialNB,combined,smishing,smishing,115
30,LogisticRegression,manual_only,ham,ham,963
30,LogisticRegression,manual_only,ham,spam,2
30,LogisticRegression,manual_only,ham,smishing,2
30,LogisticRegression,manual_only,spam,ham,16
30,LogisticRegression,manual_only,spam,spam,71
30,LogisticRegression,manual_only,spam,smishing,10
30,LogisticRegression,manual_only,smishing,ham,3
30,LogisticRegression,manual_only,smishing,spam,18
30,LogisticRegression,manual_only,smishing,smishing,105
30,LogisticRegression,synthetic_only,ham,ham,0
30,LogisticRegression,synthetic_only,ham,spam,959
30,LogisticRegression,synthetic_only,ham,smishing,8
30,LogisticRegression,synthetic_only,spam,ham,0
30,LogisticRegression,synthetic_only,spam,spam,82
30,LogisticRegression,synthetic_only,spam,smishing,15
30,LogisticRegression,synthetic_only,smishing,ham,0
30,LogisticRegression,synthetic_only,smishing,spam,9
30,LogisticRegression,synthetic_only,smishing,smishing,117
30,LogisticRegression,combined,ham,ham,962
30,LogisticRegression,combined,ham,spam,3
30,LogisticRegression,combined,ham,smishing,2
30,LogisticRegression,combined,spam,ham,7
30,LogisticRegression,combined,spam,spam,86
30,LogisticRegression,combined,spam,smishing,4
30,LogisticRegression,combined,smishing,ham,2
30,LogisticRegression,combined,smishing,spam,12
30,LogisticRegression,combined,smishing,smishing,112
30,LinearSVC,manual_only,ham,ham,965
30,LinearSVC,manual_only,ham,spam,1
30,LinearSVC,manual_only,ham,smishing,1
30,LinearSVC,manual_only,spam,ham,17
30,LinearSVC,manual_only,spam,spam,70
30,LinearSVC,manual_only,spam,smishing,10
30,LinearSVC,manual_only,smishing,ham,2
30,LinearSVC,manual_only,smishing,spam,18
30,LinearSVC,manual_only,smishing,smishing,106
30,LinearSVC,synthetic_only,ham,ham,0
30,LinearSVC,synthetic_only,ham,spam,885
30,LinearSVC,synthetic_only,ham,smishing,82
30,LinearSVC,synthetic_only,spam,ham,0
30,LinearSVC,synthetic_only,spam,spam,87
30,LinearSVC,synthetic_only,spam,smishing,10
30,LinearSVC,synthetic_only,smishing,ham,0
30,LinearSVC,synthetic_only,smishing,spam,6
30,LinearSVC,synthetic_only,smishing,smishing,120
30,LinearSVC,combined,ham,ham,964
30,LinearSVC,combined,ham,spam,3
30,LinearSVC,combined,ham,smishing,0
30,LinearSVC,combined,spam,ham,5
30,LinearSVC,combined,spam,spam,86
30,LinearSVC,combined,spam,smishing,6
30,LinearSVC,combined,smishing,ham,0
30,LinearSVC,combined,smishing,spam,9
30,LinearSVC,combined,smishing,smishing,117
